experiment,model,split_seed,model_seed,preprocessing,n_train,n_test,converged,convergence_warning_count,n_iter,accuracy,balanced_accuracy,f1,roc_auc,score_kind,n_unique_scores,score_abs_median,prediction_sha256,score_sha256
factorial,random_forest,1729,2718,none,36631,12211,True,0,-1,0.865121611662,0.777872365134,0.684180249281,0.916573915303,predict_proba,11933,0.115897943025,bc805619002af30995649f14d04129d06feba2c1af637fa0ad74bf5beefb57f5,e92cc0b2801b1bbabb1936d606a1f5599b9b01c349b2692be4666b882932ef50
factorial,random_forest,1729,2718,robust,36631,12211,True,0,-1,0.865121611662,0.777872365134,0.684180249281,0.916589407636,predict_proba,11932,0.116065352704,bc805619002af30995649f14d04129d06feba2c1af637fa0ad74bf5beefb57f5,2b0be31ae50da3b69a910c18a81a1d3aacc9919fc9c9fdd1db63d1b370fa4274
factorial,random_forest,1729,2718,standard,36631,12211,True,0,-1,0.865039718287,0.777935826593,0.684170180146,0.916559988782,predict_proba,11934,0.115944939842,41978e3a22f4932593a384708d7435f36329fad329007230cd2a44e4ebc11bb5,0e50451d8f349c309451a55a9a3a487517b6d644df102d40ed13fe53d76a2c59
factorial,random_forest,1729,2719,none,36631,12211,True,0,-1,0.86340185079,0.77521724451,0.679846449136,0.916449239785,predict_proba,11914,0.116211718009,cd25c8bd533d18f34dd9327b086ffe559fa35699ffbb8ab7fb816d5c7c6887a8,f7629632a75a7b258ae1b603d981a844a5d37dcc876abf071315e116cfec0bf3
factorial,random_forest,1729,2719,robust,36631,12211,True,0,-1,0.863319957415,0.775163417403,0.679715985415,0.916424223628,predict_proba,11914,0.116211718009,6a85cb0fbe771042dc9f4aa2b3ffb21aabb4fab7d08b47634fbb864492a1a3c2,471471dc71b650d5cffa1c3d9344e7ccf521e11a02a639684355151d102b721d
factorial,random_forest,1729,2719,standard,36631,12211,True,0,-1,0.863319957415,0.77528070597,0.679838864378,0.916422602551,predict_proba,11914,0.116024774232,b77ec6c540baf268aa2ad95db0c3e813113579cab67c7d80dc6714994c20e42f,0c52a2cd5e9889bbfa8abb8ca06dd698c7eceedf764d99a64f9a798220b0fac1
factorial,random_forest,1729,2720,none,36631,12211,True,0,-1,0.864138891164,0.776288131311,0.681635002879,0.916308224554,predict_proba,11904,0.117230685596,097cdc53ca115115ebdf526166a0c4731f6d3d56d88ff2d0011dc321457d50a4,8eae158d474dd817347e38c355e80fdd621c226546cf37548f44700ceaa0b87f
factorial,random_forest,1729,2720,robust,36631,12211,True,0,-1,0.864056997789,0.776234304203,0.681504221028,0.91631806154,predict_proba,11904,0.117337038616,aaac28de0c614937ada6323b3a150333474521fb9ee351e5e7ee83ca909518e3,23687f12b075f1f2eccdf4a2be85ed4e73799f93c69b59f727ec16b7fc7f0549
factorial,random_forest,1729,2720,standard,36631,12211,True,0,-1,0.864138891164,0.776405419878,0.681757145598,0.91630678769,predict_proba,11904,0.117337038616,1af544f8490148aa2bf26acd1529c8b1e0ce4b604548fc32e1825054b8bf7491,62db7b100c86cb6c1b8d9144f86606ae59b5422659cb2990940011617b82e2e1
factorial,random_forest,1729,2721,none,36631,12211,True,0,-1,0.864548358038,0.777260998249,0.683020314297,0.916139466809,predict_proba,11913,0.116073742001,3fb7b6fb9af236e12e52d2747091fdf70e63ec0346071d25a5ae242ec8e14057,245662904a962c044cb0e458b3977a46d9cc2306f2f6bd6696c8ed61cd7b2552
factorial,random_forest,1729,2721,robust,36631,12211,True,0,-1,0.864875931537,0.777593595245,0.683665644172,0.916144587937,predict_proba,11913,0.115942790914,ae4b9648bf98ba699974f1cd92ebc6931b9a52b6593878ec5d7664d26a466f4e,471351757e3add63350a66da2f50d9572e8393ca82c54d5f165eea82fa7ba091
factorial,random_forest,1729,2721,standard,36631,12211,True,0,-1,0.864875931537,0.777945460945,0.684029107622,0.916135856229,predict_proba,11913,0.116073742001,6566fed88d97133651411d2276523e87cd8b2042906804634b3813f14432988c,29516a80d22895979fc4dd2be7445f9647e7894f09b8de0bd5bb783b7be9b7fa
factorial,random_forest,1729,2722,none,36631,12211,True,0,-1,0.863893211039,0.776009361422,0.681120491174,0.916257050117,predict_proba,11962,0.117774760586,1129ee2cefff40182061aeb7f470f56b9d39fe5c520f26597b94041952fe1dfe,2375c9a8771bd927daa9db45c04983f1871856d268c1748edb2ad11c4d7e6bfa
factorial,random_forest,1729,2722,robust,36631,12211,True,0,-1,0.86372942429,0.775901707207,0.680859225163,0.916245518368,predict_proba,11962,0.117794718935,58dbbc3d5c084077b014ccdd9df50457056c36f7a9d83ca1a7658f4c57f16bbc,85c02abd7edc4d05d256d39800bd04e30e516b7a55602fb76e59d63a173ac462
factorial,random_forest,1729,2722,standard,36631,12211,True,0,-1,0.864138891164,0.776405419878,0.681757145598,0.916228165482,predict_proba,11962,0.117681167082,d4dcf27c9d7593010287eeae40b181eb9534e1e130b8241f01a37174e6d4d0a3,5c445f84aff1ecb85fb700bd2acce8e328f32023f77720d52c432022f90405dd
factorial,random_forest,1729,2723,none,36631,12211,True,0,-1,0.864875931537,0.777828172378,0.683908045977,0.91650608799,predict_proba,11933,0.115024859934,3eb0ead5a1624b11e02e62d096c62ac3571e5fc8680beeb9cab331e9ee3388de,62c1f5f60caff1d5acf9da3f0adf8623162a951e2caa64c04f93cecebc7dd7fb
factorial,random_forest,1729,2723,robust,36631,12211,True,0,-1,0.864630251413,0.777432113923,0.683272657597,0.916531619944,predict_proba,11933,0.115257780472,bb296487c71f45099d7bdf8194729b201f514f3db128d5d23463f1197cfd2400,03974f51aab25c676ffd29772bf4c6087c0f0846b8e80861c680913f8631aec7
factorial,random_forest,1729,2723,standard,36631,12211,True,0,-1,0.864712144787,0.777603229597,0.683524904215,0.916498461562,predict_proba,11934,0.115153096376,f7bdfaf6b1a4cf9c8444645f403776fef880b1427cc5627b0c5ab2211e33524b,7108d5feb392d66fba053936815a553a0ac313c2434a4b92deb663ed182104bd
factorial,random_forest,1729,2724,none,36631,12211,True,0,-1,0.864466464663,0.776034285473,0.681669551837,0.916451855613,predict_proba,11955,0.115281746082,666acc557bef7e8c1825fa750cf1ee5412a72b763b59d97a7acc8e8c7e7b6765,05124ca16270d6445cbac7baef16f27543abe32c5ebe937a595d88b9f5d1a8ae
factorial,random_forest,1729,2724,robust,36631,12211,True,0,-1,0.864548358038,0.77608811258,0.681800692574,0.916435608006,predict_proba,11955,0.11540004771,51bf5573c52b34c80125929e5283f2efee124264c4fd25c586201516bef8c176,794b3e3724db7bf48f2ada15e603194c969db7c65c93a5b8b9c4af28050697fc
factorial,random_forest,1729,2724,standard,36631,12211,True,0,-1,0.864466464663,0.776034285473,0.681669551837,0.91643844489,predict_proba,11955,0.115613312228,666acc557bef7e8c1825fa750cf1ee5412a72b763b59d97a7acc8e8c7e7b6765,e0d9ba3129ad2dc0158eb770ceabe9d48f88f1f8f57bca0a249938a90b136483
factorial,random_forest,1729,2725,none,36631,12211,True,0,-1,0.864957824912,0.777881999486,0.684039087948,0.916418144591,predict_proba,11921,0.115702186058,d0c97dbba6412e3ff381fe5f9d5f426ab3c04e1b9131d72630c1cc0434e5e9bd,31743ec36d99a01c5fe5a40e75b775a9196c6ad4a23fcba361434d718ec6caba
factorial,random_forest,1729,2725,robust,36631,12211,True,0,-1,0.864875931537,0.777828172378,0.683908045977,0.916413428732,predict_proba,11921,0.115861890431,81b6c90b375cbcadc8de9751296179c683be2eda3d65ec6495fe69414fa8b53d,338970a3260587c84f8062978769f9efab77363870ea3dc460b7f8e5d4bc200a
factorial,random_forest,1729,2725,standard,36631,12211,True,0,-1,0.864712144787,0.777720518164,0.683646112601,0.916399944323,predict_proba,11921,0.115717202751,dbb5c58ba0611d6e27825f61fd15cef3962ec56187d7dd70e03e5eb8c5667d62,cda22c8e61308e59836f6e8b12929eaaf30bb4d268edc4a589a75ae6d68ea2ae
factorial,random_forest,1730,2718,none,36631,12211,True,0,-1,0.865121611662,0.776582190898,0.682842287695,0.916061047235,predict_proba,11921,0.116603969062,d2ac89cddea443454dde7a02c1b8fa45739831aff3cc136b00f3450c3bd0a0b4,fce4ab16dcf84659a981e08578b894847cc2d772b06854716e2ec534c33b958d
factorial,random_forest,1730,2718,robust,36631,12211,True,0,-1,0.865285398411,0.777041710813,0.683471233404,0.916069742099,predict_proba,11921,0.116332685685,f32bea146c93109fd6568ef701fb52ea59e8cd8c92611b7aae006fc7cf54b916,783610b4d114ba77a58a71cfb7ca142bc999c9921e66e7c1f673fd6cfe2402b4
factorial,random_forest,1730,2718,standard,36631,12211,True,0,-1,0.865203505036,0.776870595139,0.683217859892,0.916053273436,predict_proba,11921,0.116544712096,0e8983855291949db16135b37852c7f363eef68afb4310dd57fd52b6ce14a357,e2ec2d3779331e74b0875aa25d20d7af34ce4e6177592e62f4cf26b578b821f9
factorial,random_forest,1730,2719,none,36631,12211,True,0,-1,0.866841372533,0.779354600088,0.687307692308,0.916175885765,predict_proba,11928,0.115003049568,6089f77f575a712ced6fcd80e3e6e6eb2554f50c628ff3eb720796e672baf8c3,459429cc6e7b40bea89c04cf969617cafb80e2d96badae3e8cd11d4b1ae90a17
factorial,random_forest,1730,2719,robust,36631,12211,True,0,-1,0.866841372533,0.779471888655,0.687427912341,0.916182149015,predict_proba,11928,0.115003049568,8fd43fb5aea389ca788bf1eaeaa063fa69376f4b858314c1099bdb432031d75e,14e5d9457bddd77e3151242052c3a4a6e26516d0d11b8463399c3d98b4657282
factorial,random_forest,1730,2719,standard,36631,12211,True,0,-1,0.866841372533,0.779589177222,0.687548039969,0.916167154058,predict_proba,11929,0.115119239629,c7abf172894e780287751c2f631b28a81856421c46b13b308e8ac13e699c7c68,20129932ff437b950b8b61bc404d2d56fb2250dad19057d6f55c87d1380e7847
factorial,random_forest,1730,2720,none,36631,12211,True,0,-1,0.865531078536,0.776499460734,0.683133925125,0.916469447977,predict_proba,11923,0.11628762235,44f2a7f87d37b678dd988bbb3fcf359d1e653aff46d17179636c638131a9a11f,bdbccde5532d8c758c852ea14c7f01b9aee3dfe26d6dd00ce26706e85dc415f1
factorial,random_forest,1730,2720,robust,36631,12211,True,0,-1,0.865612971911,0.776905153542,0.683632157316,0.916484627148,predict_proba,11924,0.116396719436,30de59588d3aca6cbadacba9f76002e1e68a0bee0982faf87a5783518fa60221,4894e23446b68eeaeffdd2c4a0c36f13bae860bf80297c1b50f183d6120c85b9
factorial,random_forest,1730,2720,standard,36631,12211,True,0,-1,0.865612971911,0.776787864975,0.683510125362,0.916500469486,predict_proba,11923,0.116324799542,dcad4679adba592a0ddf567c5ec6da80cbd942390fdd6af756ed69a2f7b7ef96,3c2c5ba8d0ade52c051840fb8e01cbbe83c5dd97f7c2768709ec01c1e25ae547
factorial,random_forest,1730,2721,none,36631,12211,True,0,-1,0.865203505036,0.777105172273,0.683461538462,0.916173785735,predict_proba,11967,0.117426846914,c832d089b89a9a7bfc3d8e049d038a0221c49445dd86f6a3c16bf8bf893e33db,e8879f62711189aaa0fe97caf495c73659e684822937f7803821ebf673b06ab0
factorial,random_forest,1730,2721,robust,36631,12211,True,0,-1,0.865039718287,0.777114806625,0.683320522675,0.91616273294,predict_proba,11967,0.117472691427,370fe2b04262dec661363b631a51a2b5fecbf0f63ed6bfa03db617dc495fe68e,47f15509663cd66d01d1249554318555edcb1b5f4d2d06e22f324215606a5f6a
factorial,random_forest,1730,2721,standard,36631,12211,True,0,-1,0.865203505036,0.77722246084,0.683583237216,0.916182738498,predict_proba,11967,0.117088509673,9c9ffeb3c7cc33a2853e576274f2f0f20e2957614f18fdee5291ae04ebafc852,fe0264af54e9f65db58e8a3e7a8308e63d9b937cd776520e7f956a64dc66fe40
factorial,random_forest,1730,2722,none,36631,12211,True,0,-1,0.865612971911,0.778312616344,0.685089234312,0.916005728,predict_proba,11945,0.115236899926,9c8dcb591104d2651ac0e83b6761c2b7c2483b12f3b7142465b4f2fbfe83d06f,79e9ae083cdbbc649af87e0263c083556aeb15e4657d46603534ff81f77e82e9
factorial,random_forest,1730,2722,robust,36631,12211,True,0,-1,0.865694865285,0.778483732019,0.68534151957,0.91602201245,predict_proba,11945,0.115136106136,4bd6b9f90628cb3efc4ba194af9cb09801017686125ba033ea67afdee1f3e912,87fac1691ac4d84bdd510d749fb3a82a8210b2eed185782558dd2634678ba75a
factorial,random_forest,1730,2722,standard,36631,12211,True,0,-1,0.865694865285,0.778483732019,0.68534151957,0.916026433568,predict_proba,11945,0.115669779921,964fa07c6e6775049691e3083a6659424ea46758ebb8800253337be867f05675,455b5e2820cfa313302e03e96ba9de0d474030261bf296552c7b915b7708fb75
factorial,random_forest,1730,2723,none,36631,12211,True,0,-1,0.864548358038,0.777260998249,0.683020314297,0.915849570441,predict_proba,11930,0.113915286696,10098c8382191ea1c3a31864f72adf2b5678de8afe6af767e41b2828ce25f493,c06919f85851d32a3de157279879f24298f9d6f42534b28af887d6ad91e96fef
factorial,random_forest,1730,2723,robust,36631,12211,True,0,-1,0.864548358038,0.777378286815,0.683141762452,0.915877460324,predict_proba,11930,0.114112734388,bc7c89171b6bbea6e489a1f69312655f71d15b08b3603be9aeabdfd02089def3,dbc089c2787ced98c22e50c9b61dbced246863b261d6ce1f2dd5cebb8baf59cd
factorial,random_forest,1730,2723,standard,36631,12211,True,0,-1,0.864794038162,0.777422479571,0.683413231064,0.915888844702,predict_proba,11930,0.114425603476,b0bb10496cd7423b3b6432c0938924e4e4306c1e7f345d614dc736e36c3a0138,e0ea923e9751f7b178e1ceb2a63e1bca43cc2ace2de7e4ee622d4d831204c5ba
factorial,random_forest,1730,2724,none,36631,12211,True,0,-1,0.86594054541,0.779466233309,0.686578594677,0.9161109506,predict_proba,11951,0.114548617197,f02613e60e8cd4bca892bb2b6ff98af82dec5c9e08f9aead0f6f243ec97988f8,d997c5e8a8e9cd7dbcd0587f60b0f3ac5348f424ba78eeaad2f396cb70b095b8
factorial,random_forest,1730,2724,robust,36631,12211,True,0,-1,0.865858652035,0.779529694768,0.686567164179,0.916119792835,predict_proba,11951,0.114253904585,c48285d6f50812a36941fc41fd587a7621c3ce0b85bf366caab7b4bb9f051327,70fd13f4601476892fb684fe5b7f9eb62619422b5d7820c2b463c9f6ebe0878c
factorial,random_forest,1730,2724,standard,36631,12211,True,0,-1,0.86577675866,0.779475867661,0.686435814042,0.916100303075,predict_proba,11951,0.114553184618,bb868bd07b8e930fda813c6d1cc7d22d7672b5f6dc826086fab2330a9cb3e135,57a21acbdc3920b6b1a85f6dda7a49a1573ca7d9b0b72e4911105f342d55637e
factorial,random_forest,1730,2725,none,36631,12211,True,0,-1,0.865449185161,0.777853096429,0.684463222585,0.916330956467,predict_proba,11997,0.11522345547,1d341fa0f028325dda97288ee2019b6587d023361a89645d46cc4d01613a4557,bf1371a1002a2f1449df4e6b2b2f25d15381b5d90e264ee10356dcaf4d65dce6
factorial,random_forest,1730,2725,robust,36631,12211,True,0,-1,0.865612971911,0.778195327778,0.684968324055,0.916365035915,predict_proba,11998,0.11522345547,0e32de52e190671fe54ba9c5eb4a93c7232852bbce28a288f3ca65c4ba96ea85,a3579d91b53ab5623893a52d8e1ba8164f1aabeec677c57d67029d3deb7945be
factorial,random_forest,1730,2725,standard,36631,12211,True,0,-1,0.865285398411,0.777628153648,0.684079124256,0.916371814962,predict_proba,11999,0.115274658874,9e6a95cbe1c4b2d48ad70495156c66e9f4f3640291df689e9567c0ba9cf2f9e4,dad0dba3e203b468a413c0e2b129cd2bd721c2669488ecd52fdf41f5d621afc7
factorial,random_forest,1731,2718,none,36631,12211,True,0,-1,0.867987879781,0.781046488126,0.690119184929,0.917758277456,predict_proba,11912,0.111616592755,5184319ba86be7fadcd9a4680d1ddadd621ff3bb549d8b550e5f8a0bbf92939e,e04215d037d31ca1423185cd20e74de2c4c05eb5a78ec33db0c40692bccd941e
factorial,random_forest,1731,2718,robust,36631,12211,True,0,-1,0.868069773155,0.781100315233,0.690251874639,0.917767340747,predict_proba,11912,0.111789717864,cf9d5769aa0fb9b00a0cac9dbb8ed3ac8e48b0176e3dd7a48f1e5e54189a1ad0,6dcfa413afaec963dd26d99c4789a5b7dbfd6e9e53af2e1db69481f2574531ff
factorial,random_forest,1731,2718,standard,36631,12211,True,0,-1,0.867987879781,0.780929199559,0.69,0.917784767319,predict_proba,11912,0.112263868682,e6ed9b2edca375631eebeeffd100126334dfbddc4beb7ec8d95cf623a75b3efc,e17b2aac6751c33531d3cd2a4cb84eaf75a469623f6c27e8ba60085caf096124
factorial,random_forest,1731,2719,none,36631,12211,True,0,-1,0.868888706904,0.782576894841,0.692529287498,0.917573179997,predict_proba,11930,0.111283054076,0e8c8fddd2d529c016b416b93174ab3a84b9c6c227580383908209738a523f24,7fd5f2794e20a5ad3453beee8c2fed846aa5f55c11d1572f9d66076301ff6eab
factorial,random_forest,1731,2719,robust,36631,12211,True,0,-1,0.868970600278,0.782748010515,0.692780337942,0.917573474738,predict_proba,11930,0.111283054076,8c52869200ef086375df5a7046a487fe8d1979b342926e1bedb34ae7d011829b,bedff6db513c74719edac2cb3ddd228fdf9b631522a74b794a9dd5fe7d273f8b
factorial,random_forest,1731,2719,standard,36631,12211,True,0,-1,0.868806813529,0.782523067734,0.692396313364,0.917578116912,predict_proba,11930,0.111553421558,88ca67c52f67c4dbf7942dbd0e91d5ba8ad753c6aed97f9ba26dded04c968cd7,a7d79d2c11b659f81a51c94fdead70711cbab60e3dca350ff225e8430b9ef372
factorial,random_forest,1731,2720,none,36631,12211,True,0,-1,0.86831545328,0.780909930854,0.690292758089,0.917298002266,predict_proba,11966,0.110874754588,ee012226ec4bc6a6db001ce34eb5c7c25ea917e4890da133c4204681c42aa78f,b6a127ffea1dc0fadf9230d726e4380f548d4e11f352d98df603b0d17b7c737b
factorial,random_forest,1731,2720,robust,36631,12211,True,0,-1,0.868479240029,0.781134873636,0.690677966102,0.917280870436,predict_proba,11966,0.110903747196,36f36c3f340cb65beb850ab55e22fceaff1e1efabc5ade09b261ee79b838bb44,7cc100119e81b056b8687bdf85e1aa34edc3f9d32dda11d9a6d27ce07ed355b2
factorial,random_forest,1731,2720,standard,36631,12211,True,0,-1,0.86815166653,0.78080227664,0.690026954178,0.917283412578,predict_proba,11966,0.110950589785,155ba595d63a096f6c571081861cdec2219dbadcb735d583836014b615049dba,e8c579b8427e8a970d0626c668bf63143683c9769491c0b6d25ae1508c781ea2
factorial,random_forest,1731,2721,none,36631,12211,True,0,-1,0.869380067153,0.783134434619,0.693563880884,0.917728932288,predict_proba,11952,0.112331759948,1ef0a4b88454d9b0d9e0d7adf91f0f327a59a2fdf4c61c6a3c2ad79ff3821ccb,8a608ce2d89c896ff0ca525dd5856e07e96318bb292f92ba2450fc08f996eb14
factorial,random_forest,1731,2721,robust,36631,12211,True,0,-1,0.869543853902,0.783476665967,0.694065680814,0.917704026658,predict_proba,11952,0.112413292349,259c13814b848e7c8291f64423209f32c29f7c20198b154336de247fbd0c442d,dbcf10f12b12c7bb568a8323429d6f4dac9896959e3a1df55aca3938f5022a3e
factorial,random_forest,1731,2721,standard,36631,12211,True,0,-1,0.869380067153,0.783251723186,0.693681582485,0.917765074924,predict_proba,11953,0.112331759948,5af99739d806de2027d31c76b12d84ea4139087a00b88a26dc7aae117abb357e,7f03ba7f506eddafd0e28a7c8d21fdd90bde5ab2689564f1443a596b936dc661
factorial,random_forest,1731,2722,none,36631,12211,True,0,-1,0.868069773155,0.780865738099,0.690013469309,0.917917953488,predict_proba,11931,0.11052053178,2bf17e4bba58423ae91d3054a003e0576bcea587c8108b586a99746a542b9513,e77379e1f694f166edef743b82dec6c2d7af8aed74d03450f59ec5c4fcf2634f
factorial,random_forest,1731,2722,robust,36631,12211,True,0,-1,0.868069773155,0.780983026666,0.69013271783,0.917893711026,predict_proba,11931,0.110386717788,48a83ea991d4d6304c27aac756fcdac1240202303ac97cd073224dbb920111c0,4878eb0151864c9bac5aad235b92335dfec0274b7af42a8bfd73d9fcc0ff2847
factorial,random_forest,1731,2722,standard,36631,12211,True,0,-1,0.867905986406,0.780875372452,0.689867333205,0.917902737475,predict_proba,11931,0.11043427526,0a799c1de70bfa8abd1589978124645f05b555c336a7b1fa3fd6bc6f77137d0f,fadb7c2858d5973567f4f746ecf6b7aed8158f4efcf4c3f19eaf44e3c4162fc9
factorial,random_forest,1731,2723,none,36631,12211,True,0,-1,0.867742199656,0.780767718237,0.689602152604,0.917541863747,predict_proba,11916,0.111511146446,bb50ed9b5330a86dd82de5fa132448ae32b125eb8b7668a7cb5b30118b10273f,6bb7dbc896a3b53bd0f99e22ecf249e03f1ef6e632c2349091b14b639d4c0ee5
factorial,random_forest,1731,2723,robust,36631,12211,True,0,-1,0.867742199656,0.780885006804,0.68972142171,0.917537111046,predict_proba,11916,0.111756453931,d32c6558818bae76d2c0fc6984891ddb79d30ba3209caaa7de66e21d4bc4046d,da3cd76fe4d02d4776ecd7eb3c01b1f9fdf03c7d4b31d00ac621071354055743
factorial,random_forest,1731,2723,standard,36631,12211,True,0,-1,0.867824093031,0.780938833911,0.689853958493,0.917547758571,predict_proba,11915,0.111910083379,e7e1ced74f26f0579dd12fe25c73f5076f58076bd012bf1543e2ab9efde33519,ea230a7a0520ceec9e9605d2efec26435ee7b975b9a86581804abb2d1484ba62
factorial,random_forest,1731,2724,none,36631,12211,True,0,-1,0.867332732782,0.780029428433,0.688461538462,0.917757264283,predict_proba,11949,0.109968402116,f09b5545872e5010f83a3d8794126aa20c5ebdeba32323fb6a819ca517f37b78,a1b69b4f2d623f7a5b1172ba6d31c658a4e97f3d975dca92612a1bce3ab67862
factorial,random_forest,1731,2724,robust,36631,12211,True,0,-1,0.867578412906,0.780425486888,0.689098250336,0.917783275192,predict_proba,11949,0.109929550305,3b342a5ea65ac3d3c16744da54ae53ff901f80ca3352bd0cecc3abf6eb15a2cf,e67cee8167c5ddf54950fe44a0d319ea07f06af8434505dad150a5910dca5ea2
factorial,random_forest,1731,2724,standard,36631,12211,True,0,-1,0.867496519532,0.780371659781,0.688965782391,0.91775833272,predict_proba,11949,0.110163388785,081436f54805a5ecbb9c1fa0acc7fc1d808b8a2c6cea5f5c880dc127459a4f16,98692036f540efed8d682e04ec09d0ef3f6644122d835f952ca83fab217b2c61
factorial,random_forest,1731,2725,none,36631,12211,True,0,-1,0.867414626157,0.779614101273,0.688114043537,0.91763960729,predict_proba,11888,0.111012091042,34201699b5b6c3257745c6a5b0ad4a7a7b6ab68c43a3733d2973ea431ec8f815,244f675796f5280a70d9dec4651ebc38f8c93b032e0bed2417bf9e2e51326463
factorial,random_forest,1731,2725,robust,36631,12211,True,0,-1,0.867414626157,0.779496812706,0.687993833108,0.917628443968,predict_proba,11888,0.110923991556,67cba46363451e7526020be95d5ac885ecc9f8c880f903910e2ebd2da4c5d35c,15be5fd2c5d86b1d2c269b91770f3c310f694cfe3253960ee127b8f8c5bda3a5
factorial,random_forest,1731,2725,standard,36631,12211,True,0,-1,0.867578412906,0.780073621188,0.688739172281,0.917639423077,predict_proba,11888,0.111140855212,00113f12e1155b0c0f3f4c84e8bd5c941957cc954c87d34c03e39be98cac4dcb,c7d2a2ea903fbd887ab7c1f93c623e50e54747eb6d5a5f1661058dd50a80ac2a
factorial,random_forest,1732,2718,none,36631,12211,True,0,-1,0.866350012284,0.780908254514,0.68843069874,0.921883585488,predict_proba,12001,0.115659223614,c0c6ba10e186bf334cb3466f140d5ad87e1c9e3625302047d6da6832534c7931,0d3f3c7de735112b9a78fc4dd0ad851e5e1f977c3efadfb816c101308dc9a8b6
factorial,random_forest,1732,2718,robust,36631,12211,True,0,-1,0.866513799034,0.781250485862,0.68893129771,0.921896038303,predict_proba,12001,0.115659223614,0ba24d1d042b470f817166d2e0be836ba32648cc537d9f991b1558ffaaef5371,bc5a0c7430175e7bcddfc05affa97aab24ab0f517bc9dc042c3e5779ee724268
factorial,random_forest,1732,2718,standard,36631,12211,True,0,-1,0.866431905659,0.780962081621,0.688562153905,0.921899648882,predict_proba,12001,0.115997668637,8c3516338a9acda52fba8721b59bd908bf69ed163e7a518ccae01b793dbaa137,dbf71e58f340a9fecbe302da2304fd62f3f6785631d16083d05324df7decc892
factorial,random_forest,1732,2719,none,36631,12211,True,0,-1,0.864957824912,0.778351153753,0.684522670748,0.922041750972,predict_proba,11958,0.117025559115,b506aa4841029824cc2c439bde87d49726dab2e06f342d8f25b3b282b102e38b,a0fe8f92d343db8d458f343fc0cc4dd579b5bc38192deb0a007af4da4cbfcbc9
factorial,random_forest,1732,2719,robust,36631,12211,True,0,-1,0.865039718287,0.778522269427,0.684774292272,0.92204827212,predict_proba,11958,0.117058895499,6a397e65213a3b9acf90c241a43a04b24fc490aedd203069a5746056f432021d,aff2894eb21492586653c2fa53384fc436383dfc024841416991e138b28325e9
factorial,random_forest,1732,2719,standard,36631,12211,True,0,-1,0.864875931537,0.778297326646,0.684391736802,0.922024545456,predict_proba,11958,0.117234159789,ca3800a6952f70bbf85f09a46d38912592ae954c0d04d5b696f9c96bf58fa310,348cf4c1e6f7eb410f6ce11c79d2471d5ea7f7535d04dffe5b7ed65dfe161462
factorial,random_forest,1732,2720,none,36631,12211,True,0,-1,0.867250839407,0.781969506962,0.69035339064,0.921441768465,predict_proba,12001,0.115538558803,b4950e153b0e314b072b050a97b67c1035674770e2e1a8001fdc6d9523d69de1,3a92ab59dd8f334eb9de0c1bd985d14dc8f36ab685fa5804921504c9b37121da
factorial,random_forest,1732,2720,robust,36631,12211,True,0,-1,0.867496519532,0.782365565418,0.690985485103,0.921456726579,predict_proba,12001,0.115555123801,7ab6cad880d492ae8a9fd09e1ce3684652625a7c7254562679475ec81805e250,c4ffd78a20aee4bb25e3c6080cd33dd9b384b2cda49796331d2547be39527431
factorial,random_forest,1732,2720,standard,36631,12211,True,0,-1,0.867250839407,0.781969506962,0.69035339064,0.921444273765,predict_proba,12001,0.115632238536,32689c9ef5f6d43af7139f20f0db1a5481470fb4b2b2b7fe787427a19c6a2b66,652e7efb3d06ac24bfd8099286c5f5d17746757a63f83125764f250dd360c201
factorial,random_forest,1732,2721,none,36631,12211,True,0,-1,0.866841372533,0.779823754356,0.687788018433,0.921924186085,predict_proba,11985,0.115420184923,a9e9ed2c353d16dc53a23b90ade29a4ea890daab5e7e476078796841f7879c41,33fcf2cc57cf3620597b17d745cd83307d72dd3645c0fc9595f2380ab370110d
factorial,random_forest,1732,2721,robust,36631,12211,True,0,-1,0.867087052657,0.779985235678,0.68818443804,0.921946254831,predict_proba,11985,0.115348348555,a728c0d2baf8a262d2a04f8a43c6a1a356b8c1942fc4bdbc38dce7ce08618dbd,b21e44b6c06a4be674d5e6136134c7303e5fbdccacc12f6b93783e11dbdf2001
factorial,random_forest,1732,2721,standard,36631,12211,True,0,-1,0.866677585783,0.779481523007,0.687283903189,0.921935644148,predict_proba,11985,0.115412421834,c597eb5704e178c50405ded936789e3e7701a3c9fefd88506abf6f5fa41fb081,757848022e609374a0187533a53f7f5a03af1a533fb1fa73c7f6297032a65d55
factorial,random_forest,1732,2722,none,36631,12211,True,0,-1,0.866595692408,0.780483293002,0.688229665072,0.9218188898,predict_proba,11993,0.115642200637,75bff315f29c01838d9641f40b29f88f1f4464ed67df89768894adb3be230de4,c0a4c75ad7314d826f6528474f70a02f890af9c20e3f6c6e40401409b45a0160
factorial,random_forest,1732,2722,robust,36631,12211,True,0,-1,0.866513799034,0.780194888761,0.687859057832,0.921839816423,predict_proba,11992,0.115581052697,a9bedf5e5119881e719c5b7d40b917e044af8ebf9dbc5572ca44c9255aceb4f1,044b359868ff1915ff9a3d34c7436019c85f85ca7ebef9fcf44346301db482a7
factorial,random_forest,1732,2722,standard,36631,12211,True,0,-1,0.866677585783,0.780654408676,0.688480673555,0.921839963794,predict_proba,11992,0.115752162342,8a6f70baefb829e27d3502758126ca1c32f4dbca095fa1efbd3986ee0efa9829,0ba9c56ecea8107b6fdd9c3beff4a553be3d65f175d913b978fc3e05f2d15eea
factorial,random_forest,1732,2723,none,36631,12211,True,0,-1,0.866677585783,0.779950677275,0.68776371308,0.922114994154,predict_proba,12014,0.117477513939,53c1061e26fdf775828b8610a2606736cf63d66efafda9b2a936c41f7daa64e4,cfb70c829aa42236e9629061b42f4d0c1cf037d1d6dbb422b2062588f0761d0f
factorial,random_forest,1732,2723,robust,36631,12211,True,0,-1,0.866595692408,0.780014138734,0.687751581369,0.922153199979,predict_proba,12014,0.11756735636,0b20ea006c08230d640afe239a2d973ca26e793a38145a9dfa9ceebea264e87a,a825bac507ed858b1a394f2f6096d2b5e36b64bd16f0ba6f2f3a171f1f4cc6b1
factorial,random_forest,1732,2723,standard,36631,12211,True,0,-1,0.866759479158,0.780239081516,0.688134943454,0.922151099948,predict_proba,12014,0.117683842028,654387db898b3fbb8663be07f7e003de5b3381b9e30475926ef0dc2df1924112,c7b830eca22354403f04dda30025399be1ca4930da976e947fab7ad5396994e8
factorial,random_forest,1732,2724,none,36631,12211,True,0,-1,0.866186225534,0.780214157465,0.687571701721,0.921734741194,predict_proba,11991,0.116133995608,7108ff26d9665d2a38ceadaac441358df145ac89ea8202018fd253e00044b38b,1a3415503764289b525dcc55fd157c7049d555cebbb504388841c6c5b9ee3ca8
factorial,random_forest,1732,2724,robust,36631,12211,True,0,-1,0.866350012284,0.780439100247,0.687954110899,0.921765136378,predict_proba,11991,0.116133995608,3062f8ccfa78b4bc9e81a32f67cb786f83e7a93362c657a8713fe52490ce3e91,c0b6aacb80a9c9c5c5e708dfec79d7264966a8d9746e2e7d0b6e80a8f8a75e98
factorial,random_forest,1732,2724,standard,36631,12211,True,0,-1,0.86610433216,0.780043041791,0.687320711417,0.921723541029,predict_proba,11991,0.116171208953,610d3cf6b8f0bca4d9a132cfee85fb1e931251d670a10d58ef1e837e63ad28de,e79175a9c56f1ed3c9f8f1fc38fc3c056538343e291b2ef341eb7c810067f3ab
factorial,random_forest,1732,2725,none,36631,12211,True,0,-1,0.867332732782,0.782140622636,0.690603514133,0.921797300009,predict_proba,11947,0.115584229177,f431b847b95ff8e4da2ef77c8be366f6357d5eb1705580527fb98b7625ac88f1,e6669bd67db63c3d625680aed38aa3a7af5ceb4c97bcac9694f5852d318d00d9
factorial,random_forest,1732,2725,robust,36631,12211,True,0,-1,0.867414626157,0.782311738311,0.690853542104,0.921824526725,predict_proba,11948,0.115584229177,95bc224d95058d2cf2594efc885912235393649b7339c4bbd34d93e0c918a9f3,4c8fa65390edcf9387942617a17a7929d62a89f0796b142f96006d4f58f0df2d
factorial,random_forest,1732,2725,standard,36631,12211,True,0,-1,0.867414626157,0.782311738311,0.690853542104,0.92181833716,predict_proba,11948,0.115463088118,4aa4b90b7476c1d2e2440e97637e2a829fb649674ea01b3596f626b2cc3d0b0c,bcbc0b09853c3bdd3cab2569283b558fa7f1227359be4f829047e6186ff4b5c2
factorial,random_forest,1733,2718,none,36631,12211,True,0,-1,0.86831545328,0.785484184962,0.694876660342,0.918454456114,predict_proba,11897,0.118056078825,4b5f446945d10435cf963198e24c59a24757724aed95c0dcb9bebb8709e49ecb,1439fd84f7f3e57af2eee4eabc00b923d82c1cd9cc274ba0c0e639713d8f3381
factorial,random_forest,1733,2718,robust,36631,12211,True,0,-1,0.86831545328,0.785601473529,0.694992412747,0.918465435223,predict_proba,11897,0.117842958521,d869a307c90f0be580288e24662308aaa12af262c89d79f530ddaa9b668c718b,d6bcea3a6a812aca2c78bf0462af41a9f51fbfb4c48256461f07e9ac5af58c32
factorial,random_forest,1733,2718,standard,36631,12211,True,0,-1,0.868397346655,0.785655300636,0.695124264845,0.918470077397,predict_proba,11897,0.118396470481,442ae732f57ea3581c31db7142dcd0bc9b8c0f89c3bb7764ac057f3b9470ef3a,dce6482b3e8a1fa6c8afa3cfe78e06598be1710f1d8df2d384dd81a6a4c2f759
factorial,random_forest,1733,2719,none,36631,12211,True,0,-1,0.869461960527,0.786589630165,0.697073356138,0.919062691375,predict_proba,11903,0.117960129556,e8d766534c7072d4a92ab3355df08e4b60fc4f659159ec395d3c9a634d82d67e,de5e24c258940b7f57a48e30bd2427cbf9706ddd807b42a283619db84f1d97a6
factorial,random_forest,1733,2719,robust,36631,12211,True,0,-1,0.869298173778,0.786481975951,0.696808510638,0.919074812605,predict_proba,11903,0.118219286207,004442cd69e6c37e62a719cd0b531bb0617f256613aa886b0f3cc8fd8b5c792a,09653701122a0395f6f68b56ae11faf936270ab242de755bbf181d285b10a4f1
factorial,random_forest,1733,2719,standard,36631,12211,True,0,-1,0.869134387028,0.786257033169,0.696428571429,0.919059522907,predict_proba,11903,0.118219286207,1a169250461dea6a7b582b1733fdc55f2281c3472a06a5f2896e815276cd488e,f6d0f2b57ffe61e9b661e62eb284ceeb02de0d8c21e444d0bca6229e2c68722d
factorial,random_forest,1733,2720,none,36631,12211,True,0,-1,0.86831545328,0.785366896395,0.694760820046,0.918463703619,predict_proba,11907,0.117529953,3f7d122e55d63b3a2892b675f4a32374d98c1a35acc4c4fc46f4732d9ecbce8e,3306f25a4b8ec5d098da1605e4aeb2e34cfe7e9f4bf9b9e7988821829f79c445
factorial,random_forest,1733,2720,robust,36631,12211,True,0,-1,0.86831545328,0.785484184962,0.694876660342,0.918479067003,predict_proba,11906,0.117743926829,df5e764752abfbcd685322f6c7101f8be8a6d06569dbdb7bb389424b53587395,aeef0074e942f74d5153847c321169a981d568f81f7c2dfadfb53cab6ca36db7
factorial,random_forest,1733,2720,standard,36631,12211,True,0,-1,0.86815166653,0.785259242181,0.6944971537,0.918460977263,predict_proba,11907,0.11775753888,defc0a5d756cf297315e4db95dd37b146d8e2225ba884078fffcbc651a33df70,18899219da17d1c4cb6fb7b996cacc62586f4b6dea4764bcf4d4d9b43edcda71
factorial,random_forest,1733,2721,none,36631,12211,True,0,-1,0.869380067153,0.787122245892,0.697515645742,0.918127717099,predict_proba,11881,0.117348532092,2bf466fe9be05ddf5b02aa2adcf239e48440c1d7e43c10a94e6a597dc0b19c95,140183f86977de79e72edbfd0a2a99771d47d3e5494992e69fdebb81b05ae482
factorial,random_forest,1733,2721,robust,36631,12211,True,0,-1,0.869707640652,0.787806708589,0.698502937275,0.918139727802,predict_proba,11881,0.117321346177,0253929a029c254a96596dcb3ca0b204eb1a6fcef2906257174128779fd721bf,9ff1e589550d444566e7b97838e0d1005b31d11681428d793ab5ddf0f4fc29b2
factorial,random_forest,1733,2721,standard,36631,12211,True,0,-1,0.869298173778,0.787068418785,0.697383390216,0.918127238145,predict_proba,11882,0.117348532092,959fed07561fdd88d0bcb4a4c8b2677530d06dd7eab30f889c9fb650178340bc,21486937c0585d0d901ac9a1d521b2aa65faeb8dab3763521e2b67a21b556445
factorial,random_forest,1733,2722,none,36631,12211,True,0,-1,0.870117107526,0.787841266992,0.69893697798,0.918467848417,predict_proba,11920,0.117719451743,0236562cf4ec9381c14b79b8785bfd5565c6c7577708bac35e00ca512ad35f48,ae3cd421157facfa818610bdf2844301287ef642983f207b20511f90e6e6b60a
factorial,random_forest,1733,2722,robust,36631,12211,True,0,-1,0.870117107526,0.787958555559,0.699051233397,0.918489401365,predict_proba,11920,0.117840090723,0287a74400d5ec39ea94698d23c73ee7a78b6e65503a51c7339e87a7f34c464b,fb44b7e8cc48d5ded112d9ea49a6b8df2a0b020de506317d4f032c5c49e5224b
factorial,random_forest,1733,2722,standard,36631,12211,True,0,-1,0.870117107526,0.787841266992,0.69893697798,0.918489954005,predict_proba,11922,0.117681816919,81463143953c7d1b6f61b8f3fc81d9f1c76126f2b6673a01483b84f8c27c92df,6a1c2898ec7f70ca24c9b6b0446b5b680a492a3fa487e5bd363fdd114ec589e4
factorial,random_forest,1733,2723,none,36631,12211,True,0,-1,0.869134387028,0.786843476004,0.697004171407,0.918817264081,predict_proba,11917,0.118212844839,f953a044ee40db9f2a94eabdfc990755ff1c3eece095690ce623140755f2ea06,1000181b371de02fa7a31b3ceb99c8a87f0b24bea54aa096a7c6ca74396f0fd0
factorial,random_forest,1733,2723,robust,36631,12211,True,0,-1,0.869298173778,0.787185707352,0.697498104625,0.918818074619,predict_proba,11917,0.118212844839,9788172de07630cfeb09185cc45c7ee206bb1cf04cf25c46acdcd96bf01b9864,768e5bacf4f3376daf3b5d5d4f3896cc220fd6dfc31d1251fabcec5c8875c55f
factorial,random_forest,1733,2723,standard,36631,12211,True,0,-1,0.869216280403,0.786897303111,0.697136355016,0.91879497428,predict_proba,11917,0.118212844839,2e9778e14f9da92a049d3c374aa36a871b24a6bf9b66eb804969cdf2730a2fca,53db8652d393a2c8ee44faa994c5aa20321406355f1741fdb162691a9949b090
factorial,random_forest,1733,2724,none,36631,12211,True,0,-1,0.869380067153,0.786653091625,0.697056030389,0.918789282091,predict_proba,11921,0.116935511907,680b7501e13eacb29a672d0f16b6683bc1041f0aa559b4f725569e9c72156df3,8b75ddacb0058b5ac1ed413b6d0e632e65603ee1e97dc345f087c4d16b49757b
factorial,random_forest,1733,2724,robust,36631,12211,True,0,-1,0.869543853902,0.786878034406,0.697435897436,0.918795692711,predict_proba,11921,0.116935511907,3217a66695f2f291eb322bf9d8347c90e46f2d394cdf9cef4ee8c3790d8b930b,1b51075f75e68d634a53ead62d394a5ec22c702378e1fb01117958ec8e4673a8
factorial,random_forest,1733,2724,standard,36631,12211,True,0,-1,0.869380067153,0.786653091625,0.697056030389,0.918783203054,predict_proba,11921,0.117120827075,0e19e826d2aa581ec771e5b4c2180290ac3232286db308bfbf4b56b9372bd595,b91af82d0a7a06e338ee8a7a44f25da08902afc5d5806cd38d0516705fe23839
factorial,random_forest,1733,2725,none,36631,12211,True,0,-1,0.868561133404,0.786466686252,0.696080287824,0.918505151597,predict_proba,11939,0.116347330351,acd9b2b90455cf2386fb7f08b20bb60321b4e01e44ec0ec03913d9f0247b5811,5cca8d6400204bdd8334084ce6778017174ed0078285e8c418287376c4071675
factorial,random_forest,1733,2725,robust,36631,12211,True,0,-1,0.868479240029,0.786412859145,0.695948504354,0.918512520126,predict_proba,11939,0.116442634152,91efac88632bf3870fcd05bbc3cacc7d716647252014ea246a51640d5e7fc389,2b089f8baed79578b96c4113f4e8930359d3e5e91078a7ae9c0d25e130325d20
factorial,random_forest,1733,2725,standard,36631,12211,True,0,-1,0.868479240029,0.786295570578,0.695833333333,0.918490377695,predict_proba,11939,0.116705976286,ef47e7343b6495f2bbe3bbbd6083a03b8e7d16324ff654ff7e2a0f86783bbfdf,05137a8e979eaffcae7b5c45d50dd365e97adc0453bbcfa5499846f5e1cd2f8b
factorial,random_forest,1734,2718,none,36631,12211,True,0,-1,0.865121611662,0.786669007648,0.693010251631,0.917723626946,predict_proba,11836,0.117473490799,3441ba49402a505ff9fc9cd5efbe2c8c7b2863bdfb4853b92769f1c61fd2b1a1,d3a0aaa7e2ec3bc3c5c7100408c598e5565ddd891c0b6ba8866da3fcdd046121
factorial,random_forest,1734,2718,robust,36631,12211,True,0,-1,0.865121611662,0.786786296215,0.693124650643,0.917726795414,predict_proba,11836,0.117473490799,e8734f28291f48e531d237b95ed4f4ea8cdeaab48dfd56ba241ff9a12b4a0c89,e1481959b0d15ef8062d82ea6e86cb6f84c894ac5d578ed3d9beeaedc32ea967
factorial,random_forest,1734,2718,standard,36631,12211,True,0,-1,0.864957824912,0.786444064867,0.692637465051,0.917728490176,predict_proba,11836,0.117665880695,9ffeef2d8520b9ea09c004dcacf24d1a0e8fc03dcbc683a8da17c38992bfedf5,485fd145085c7ca4b61c451b8de95df5a2f6287764085befbdac1c0f533a2c61
factorial,random_forest,1734,2719,none,36631,12211,True,0,-1,0.864220784539,0.785959620901,0.691477484183,0.917555606055,predict_proba,11841,0.117897710313,f86ca4d2fa2e78242c286b436ff63b6f8cfbb725e1afaca9a771aa358a55e517,e2681886f343582f29d739e44b06cd3c6170352681ac8dc5d240193e3b2f2cab
factorial,random_forest,1734,2719,robust,36631,12211,True,0,-1,0.864302677913,0.786248025142,0.691835596057,0.91757712216,predict_proba,11841,0.117886882919,24cfddccdf27117d7aa195db11ea33d988b1d6bac452d203589a8dc89af9e6ab,30d262518f58d8956368570f1fb59dd4fd6b6b44640a3461e16e1bb4f88c4b7f
factorial,random_forest,1734,2719,standard,36631,12211,True,0,-1,0.864384571288,0.786184563682,0.691849646446,0.917563785122,predict_proba,11841,0.117897710313,9acbeb5fb1192ecdcb379dbc48bed48c6dff4fdc282f54ad88e8cccc4d84a7c9,70c9c90ed6ecf5008e5e31b5f13ebb6399afd44a6ca4fa6e3f58b5193f6b58e8
factorial,random_forest,1734,2720,none,36631,12211,True,0,-1,0.865694865285,0.787749528801,0.694599627561,0.917484131319,predict_proba,11940,0.11851208944,85a0b7c72834988c93f5925540e85ec8473d7b85eb8150dc9439a36cbce526b0,6e4bc3d3f615ec6f3eb409e29d2f93f555ff288a491818692a712c0c79b61e44
factorial,random_forest,1734,2720,robust,36631,12211,True,0,-1,0.865612971911,0.787695701694,0.694470303482,0.917503178968,predict_proba,11940,0.118547824483,5ef40729af9c2e788bd64d5bd39b6499c3f4bc6cdcf6713eb3dc462350b8aae5,a34d4688a750e14fc04f08f7024fe29d384c24494098f85f6d1b9376124f5e5b
factorial,random_forest,1734,2720,standard,36631,12211,True,0,-1,0.86594054541,0.788145587257,0.695215043753,0.917466925803,predict_proba,11940,0.118607609769,c45505498f9f41b94a62188a8c54436fffbfc1ad54407b33cadfd19625aa0d96,fdd09699ecfcbf6d2e95ed32a9edfec8ad5f05cd2b0a8ddbce843afd587fdebd
factorial,random_forest,1734,2721,none,36631,12211,True,0,-1,0.864548358038,0.786644083598,0.692450725177,0.917360800558,predict_proba,11850,0.117226464102,0479f751fb356c51921b6eaa82908af70b74ed537aeca50ed22d3e4bb73d5c0a,a8a059c4d45740f203cb0995507bd6d3a64a829c08587babcbad74bd1ac47a52
factorial,random_forest,1734,2721,robust,36631,12211,True,0,-1,0.864630251413,0.786815199272,0.692693809258,0.91739005362,predict_proba,11851,0.11725208687,4f749b0dedf6991c0407d8e2f9a95d882fbdbff266b8bf92ed851398b9e613d5,80f6fcbe3218ec93186d1931d00505a750252246cd16bbd8e740c3f6930f978f
factorial,random_forest,1734,2721,standard,36631,12211,True,0,-1,0.864794038162,0.787040142053,0.693065625581,0.917355605745,predict_proba,11850,0.117273803102,088087188ac24c7b2fecd7c65ed83a96ca61e9c2ca8fdc324f51152bd8e84401,4b02826c829892cca0b8bed7c8937aec1cfe7e002fffb644bd5f7b9a9d50a792
factorial,random_forest,1734,2722,none,36631,12211,True,0,-1,0.864466464663,0.786003813656,0.691748929037,0.917339173924,predict_proba,11906,0.118670856317,9c623add8de9d634183395a6ec90bd5baf367c1528717b04f8f491996b2a84f2,869cdefcaf1ab837e80938e31f1fc6a3e896def5f30603e91ecc65dec37c206e
factorial,random_forest,1734,2722,robust,36631,12211,True,0,-1,0.864138891164,0.785319350959,0.690773532153,0.917327126379,predict_proba,11906,0.118670856317,964766b9a85c2a69894fe2b5745df221848be6d394970b930e48017e48aedfa5,a49f18e50747ba219e773b76e06eaec571a04d456545162c07930e1878ac0d3d
factorial,random_forest,1734,2722,standard,36631,12211,True,0,-1,0.864466464663,0.786121102223,0.69186371253,0.917335121233,predict_proba,11906,0.118536974709,2ceeb3a0b17ae1226972cbaab7108585ef3b9220100d949fee80edcd9dd1bcf1,b44f31d9630258c1dd978372c34aa80b8f2cbe2f0b9530d6bfbac6bcbfeee493
factorial,random_forest,1734,2723,none,36631,12211,True,0,-1,0.865285398411,0.787128527564,0.693611473272,0.917596630342,predict_proba,11881,0.118792722333,7b92c3c9b4b686eb9f9354bb746b59de444e2869be59b7497e9ba94272a85498,a4c3515426b5cb329a18b4c5e7327a91493ba6b69a550ce4ac6816af4e91e353
factorial,random_forest,1734,2723,robust,36631,12211,True,0,-1,0.865285398411,0.787011238997,0.693497298304,0.917601235673,predict_proba,11882,0.118831079806,4ed6f658186a8d47543240ddc0fefc3b72acb9da0e9856a3efed0b149c415b92,c7926861ff0c412e34bf345569966bca27b30676a3208acdafc5c05d37e8643c
factorial,random_forest,1734,2723,standard,36631,12211,True,0,-1,0.865039718287,0.786849757675,0.693109869646,0.917580935374,predict_proba,11882,0.118758960513,6de97b80befd912980a712cb858358d70f778bde79c253b81346e03777861f9d,4b516642018f8a94fd80fcc989b88492f247ec425c2cdf8e58043c040e81829b
factorial,random_forest,1734,2724,none,36631,12211,True,0,-1,0.864712144787,0.786517160679,0.692479523455,0.917222972216,predict_proba,11850,0.119220171381,0a246add26d6e19dfc076ec177c3046ac8606b0e62e4b331346a33e410ff1b92,f4e5b73dda81bbe1209c2429aefbab5a72e716f8c79aa0db44ca80b59891baa9
factorial,random_forest,1734,2724,robust,36631,12211,True,0,-1,0.864548358038,0.78617492933,0.69199255121,0.917257456933,predict_proba,11850,0.119261888082,8a56b2dc41491536d99ac1441265a8ddd08be3d04660ee3a0b3fa1b2ca7ff03e,e14fec24eaf21bb891a2bb90a42bf02855f42ba6a263b9741c5e5f13c1e3fe00
factorial,random_forest,1734,2724,standard,36631,12211,True,0,-1,0.864794038162,0.786688276353,0.692722873627,0.917246956779,predict_proba,11851,0.119452857117,385e994dda35494bb9ba25051766549f3db97862e7d8dc98a5dd90c3d2e7699d,04dec3200b322601d2ef1325e9422413316bf474f65c65da1c53fb0a2b87c195
factorial,random_forest,1734,2725,none,36631,12211,True,0,-1,0.865449185161,0.787588047479,0.694211799739,0.917473391688,predict_proba,11833,0.117571576321,a3bbdf57bf6217ebc385eebb8be3aad720afcddf18610f1f20dc4fcc82597716,0a74373f17abee49dd52b1b4bcd90743da52f1975762466cb42eec087e45b49e
factorial,random_forest,1734,2725,robust,36631,12211,True,0,-1,0.865449185161,0.787588047479,0.694211799739,0.917499402596,predict_proba,11833,0.118202700451,97e7bf93cb72cc716a40baf4db16b3fc444848128ab050cbdc70a37ae0c6affd,deb0766afa8e1816ab216fcee92579f0d5bd69e26095c7bd2fecb4d548d68622
factorial,random_forest,1734,2725,standard,36631,12211,True,0,-1,0.865612971911,0.78781299026,0.694584031267,0.917499844708,predict_proba,11833,0.11753223797,697b851c2f7a8473a4b09cf3b12fec2fe5c579031eff29c296bc56078f7aa6e2,75384219d15ecf28334dd68e9ac16a91ec5a08c8a5bc54156c2d5111a01eb3d2
factorial,random_forest,1735,2718,none,36631,12211,True,0,-1,0.862501023667,0.776619051966,0.680494766889,0.915606851082,predict_proba,11925,0.110806200408,35b72e705000f8a02c073f7105bc95119dee5ea859954b60ed12ad63344d0d76,80625ec4a64acb5ef8a887f3f255de31d2273d72a492064f061272976666593d
factorial,random_forest,1735,2718,robust,36631,12211,True,0,-1,0.862501023667,0.776619051966,0.680494766889,0.915590971901,predict_proba,11924,0.110757479532,a2aec86e7ef40cf989fa22c7f448d52cec26da568dfb98dc0dbc56dff36e0201,49d231b83f7b36e6cc3f38f227390be2b3233e839c255aa2224cfd62c93eb697
factorial,random_forest,1735,2718,standard,36631,12211,True,0,-1,0.862582917042,0.776672879074,0.680624286258,0.915583640214,predict_proba,11925,0.110757479532,f4296f738e4634e20fa49f14b7c2b6fd69531bf42d62d63e7921e151ce24ef07,94f6ea2eff4ea804fab2eb1abcf4606d21a808d754d7155854ddb66b6560995c
factorial,random_forest,1735,2719,none,36631,12211,True,0,-1,0.862501023667,0.776384474833,0.680251380689,0.915317967886,predict_proba,11897,0.109916024669,fc6d52a157078c083b69c8bec6ef079627aa2d0ad44a3284a21781ab2a31329e,4ba9b0922136f2a902a414d890ca060d353933aeda4d816f610ec3b28ebbdc4c
factorial,random_forest,1735,2719,robust,36631,12211,True,0,-1,0.862746703792,0.776897821855,0.681004948611,0.915300504472,predict_proba,11896,0.10967073679,df23bc268e91d89877bfa835be3d4db81d0ed235e90505e435b416b8b6e6f51e,4af084ed357b391285a0c3d662359c0c61609312257326ee2421d3f2f92af8c3
factorial,random_forest,1735,2719,standard,36631,12211,True,0,-1,0.862337236918,0.776394109185,0.680114176974,0.915322683745,predict_proba,11896,0.109916024669,0acbd356813a537a62079eb5749b044e7fa0eeeff490785ce9cf65f0859099f5,29dd8e5a3b9c4c7f8f4bc9fb2fd8e2d3ce5379cbb5403e2b5789049958916e7a
factorial,random_forest,1735,2720,none,36631,12211,True,0,-1,0.861682089919,0.775142472358,0.6782244237,0.914994342075,predict_proba,11897,0.109331948749,f7c21bc6384ae9926891752ec070ada56feea7e99ccb082160d478f93afcda00,cd8232b361619bc70f58e6e0c16a244d8bec89bb875042a1c8809b898e9e9124
factorial,random_forest,1735,2720,robust,36631,12211,True,0,-1,0.861600196544,0.775088645251,0.678095238095,0.914991873617,predict_proba,11897,0.109454979023,673e0cc0b4b7ca68f8cafe0d0bd2cd1bd78b65734b62b1781c3e2942de9ca97e,e17635835b379e3b67261d80d6378ce2214cb65b8e963d38d44d9cf1d5737d92
factorial,random_forest,1735,2720,standard,36631,12211,True,0,-1,0.861763983294,0.775548165166,0.678720974496,0.914982773484,predict_proba,11898,0.10947563774,5de5a45b2d266e5c1f1ae1e4da9d59f08e62c5f6ec6dbce254706cf74b6d5e63,ab40ae66c77d387789ee538f51b4d323a0422caf25cb65ed69010ef0db8656dd
factorial,random_forest,1735,2721,none,36631,12211,True,0,-1,0.861927770043,0.774834799413,0.678121420389,0.915448796126,predict_proba,11917,0.111296055884,7ce4fbdbd876186489e9838329c26e22adafcb792c2e71d536df9b883bddd091,4b47cfdb6a331124242b41fca615409aa03f96672108415c691f14a721b349aa
factorial,random_forest,1735,2721,robust,36631,12211,True,0,-1,0.862091556793,0.775177030761,0.678625954198,0.915435164347,predict_proba,11917,0.111309878997,7d6439905385dbd12925abe83a9c686621d000167b550ebd77bb4619bd98dd85,0ee65f8de5abdc1a092ace2c6ff1cb144e8cb7524ba52f316f43736a5f207db8
factorial,random_forest,1735,2721,standard,36631,12211,True,0,-1,0.861845876669,0.774663683739,0.677869008975,0.915420132547,predict_proba,11916,0.111524960512,7fe36ea1ed7c928a3ad001f2079646b1d9d6ac546b41185ee3853131639249c8,5f19323638715afcfa804a7d0769055e8dbf25c57232879cc6ec51057feb6e8b
factorial,random_forest,1735,2722,none,36631,12211,True,0,-1,0.862009663418,0.775826935055,0.679230915667,0.915111446428,predict_proba,11929,0.108932431079,ad25282267bea7a6675909b57a54990d56c70bf01ac5ae448d7af6ec1fc58b5f,60dbe6a9d62def53d6c753ed60baeb8d67f169ac5ea72d9db7ab14e8058f919f
factorial,random_forest,1735,2722,robust,36631,12211,True,0,-1,0.862173450168,0.776169166403,0.67973358706,0.915102383137,predict_proba,11929,0.108949291083,a07733d293fe7b67eb25a16aa851a14b13c412dbf07007618720f52384059365,6ebed3d20ce8300dafd89a80eb261530842160bb1e255df51d34ba0dca45b7df
factorial,random_forest,1735,2722,standard,36631,12211,True,0,-1,0.862255343543,0.776222993511,0.679862961553,0.915116457028,predict_proba,11929,0.108954719493,2b50b20b4372b890de251f291ccd53f31c219049c5414086899d683846c39dd5,62344959a3198ec19d01b9495588e0c5eeac820c2692bf597661fbb2ca76f5c9
factorial,random_forest,1735,2723,none,36631,12211,True,0,-1,0.861927770043,0.775069376547,0.678367035483,0.915190437064,predict_proba,11926,0.109495560175,369d3602c017677faae6945131abc54836cce0776165848c4494361196596df0,d82a14eb8d044a2c3cfea36f57289983915ecdeb00df9cad35ce9c4190310d41
factorial,random_forest,1735,2723,robust,36631,12211,True,0,-1,0.862255343543,0.775636550676,0.679252479024,0.915198910872,predict_proba,11926,0.109688558208,bd014a44559ab2c97b5cd16051b3f52979f65ccc39dcc1f1e1c46b52eaad825a,8a762c76ca2f4987c3c3d045a3876c034a256a20b0239516fe2975e5e335262d
factorial,random_forest,1735,2723,standard,36631,12211,True,0,-1,0.862091556793,0.775880762162,0.679360243717,0.915171610471,predict_proba,11925,0.10984041621,f27badb46f2ed7effdf6e50d149026c696613cbc466009c9d69f1bdebeef5285,967a04b3bc421352e424adff9e2766caffa68c798d61a5ead4ff9620f8935f89
factorial,random_forest,1735,2724,none,36631,12211,True,0,-1,0.862992383916,0.777293880311,0.681636536632,0.915690318099,predict_proba,11957,0.111869235744,1d6ae11c1ccf52b030db461fa763728e075c6cd59ca662ce415f0be07f3584ff,0e8736e3114524307bd06213e8f312e9e2e64ab6676991e64baf2ea88d9a1d15
factorial,random_forest,1735,2724,robust,36631,12211,True,0,-1,0.862992383916,0.777293880311,0.681636536632,0.915662207159,predict_proba,11957,0.111831885431,f9a85747d1b689fc2338e319adc30fe820638715846c752fdd4cdbc6b55711fd,96841ea4644e63c9d4710a570a34cad406fe4b8eb61406b82b47f71362bfca03
factorial,random_forest,1735,2724,standard,36631,12211,True,0,-1,0.862910490541,0.777240053204,0.681506849315,0.915706492021,predict_proba,11957,0.111963807006,58e3c9ceb90c22eabd7944d29c9742de10b1b25971b86e4bd03698701d7093c9,68904f05aa42a3c4105ce66efc746550292eda2288676ace346ebb08dda87f4c
factorial,random_forest,1735,2725,none,36631,12211,True,0,-1,0.863074277291,0.777347707418,0.681766273316,0.915409153438,predict_proba,11927,0.10966109913,4c2dcd931af4914bfab5ed1927578c7389384896c7654d6c38fa99918a3f8673,8b1bc4259990f5b14378ced1ad653b85705b33a7f7ecbe0b44df86fbbb0499db
factorial,random_forest,1735,2725,robust,36631,12211,True,0,-1,0.862992383916,0.777293880311,0.681636536632,0.915405027061,predict_proba,11927,0.109926385948,e300f09d7d73fb3ec91665621f07eb6bc1afd94130702599a2ca8daee4fd5a99,df5e4a470146db80ad99ff37d57fdb0b7cadf506effb839196347315db8fda89
factorial,random_forest,1735,2725,standard,36631,12211,True,0,-1,0.86356563754,0.778022535763,0.682908260373,0.91539205845,predict_proba,11927,0.109926385948,3dcb8d92d3f32252bcca3cd57bbabff5cd5ed58df37224e2f8d97036fa6b21e4,43ce3930507205500e940e679ac20d02d2346705fafc193215a67585e98bb34f
factorial,random_forest,1736,2718,none,36631,12211,True,0,-1,0.867332732782,0.779442985598,0.687861271676,0.917756361638,predict_proba,11960,0.117042074599,fdf6ff694d4dacbe833c10d6153eacea195e64fad29b50bc1c9638ff2c5088b4,ea598abf4566cefc76b881ea3e245be83cc8c1df69ee262b5c7896b786ca64a1
factorial,random_forest,1736,2718,robust,36631,12211,True,0,-1,0.867414626157,0.779496812706,0.687993833108,0.91777378821,predict_proba,11960,0.117042074599,b2c030db6ff2ac9f12f79647962067d493e1b58a0330281a4b53d45a7498f236,0cdb53ecd600bc53a77e03264ae7284e861f0bc74b7751b7fce5df6497caab6f
factorial,random_forest,1736,2718,standard,36631,12211,True,0,-1,0.867414626157,0.779614101273,0.688114043537,0.917765645985,predict_proba,11960,0.117134347767,1a14b407d89d930817ef3d129ea31717990df6e97e0c981b6b36d0cc88d62e29,a37a911df69297e9998ba900c2aaa92812f00135aa6aa546ee4e4f81ced5b4d7
factorial,random_forest,1736,2719,none,36631,12211,True,0,-1,0.867168946032,0.777693291448,0.685902401239,0.917838391792,predict_proba,11920,0.115778792124,ea9037d0ab41388d3aec0c0897abb6283b050552c25f38bf58a2517767d2db8b,8f519af2da65eb985815bc5bafaefc6b8b309625bd1346516942310805a554bd
factorial,random_forest,1736,2719,robust,36631,12211,True,0,-1,0.866759479158,0.777306867344,0.68511708922,0.917835260167,predict_proba,11920,0.115757768799,be7ce4cdbcc3ce7c62652721bea73a43de90e634e00771e3d482de036ad6bbf7,c92018e1e698eb0dbd08873177ff9057be44e78a2a1c214b6f555a279258b555
factorial,random_forest,1736,2719,standard,36631,12211,True,0,-1,0.867496519532,0.778260465578,0.686798296554,0.917867571168,predict_proba,11920,0.116167336834,876daf3da6b4207607e5f71546adacf74bbbea1f9c072aa048898060cf293ddb,ea3f803fa48bce318b2ee7145b5e1417a0348d4ab3b194c7cd66c8e2dac038c5
factorial,random_forest,1736,2720,none,36631,12211,True,0,-1,0.867005159283,0.778758522902,0.68684920941,0.917817667803,predict_proba,11978,0.116715685739,3a488b03ab35358c7d4c31e80f8ac0ac72489be70dc45d65df839a112a427f4c,3b9906437f8302882f4a51a4b35595c812a798c28d27417884adb5fc13afba75
factorial,random_forest,1736,2720,robust,36631,12211,True,0,-1,0.866759479158,0.778479753013,0.686331212647,0.917842941859,predict_proba,11978,0.11691803941,7fd415e75dfd15ca8423e9906db4b7f2b1cacac31b015927020849cb15e6d620,cc81f2285576742fb1d9d87e952f1ab2ed3292d0e6c092c28db208d8c785bc1b
factorial,random_forest,1736,2720,standard,36631,12211,True,0,-1,0.867168946032,0.77910075425,0.687355435621,0.917841762894,predict_proba,11979,0.11701342087,1f9ec9a8a43ac3a2b624513ba08eb37d9ceba4295a2f6ccb9b90be2275cef71d,cfbf3c3e127d41e71be5f1bbd13ec81135290e68b67d15466d0fbce3ad90c14a
factorial,random_forest,1736,2721,none,36631,12211,True,0,-1,0.867905986406,0.780288929617,0.689269890195,0.918298832773,predict_proba,11949,0.117311859201,15f2a945d7b7b4b35712bfb86c311cc73919fbef00f2aa63f0a8716d6ec7a362,296a7245b630a6e62f12a6d7f58bb9cf246e7cef7b07ab878ce967b69c0a6eed
factorial,random_forest,1736,2721,robust,36631,12211,True,0,-1,0.867905986406,0.780523506751,0.689509143407,0.918307159212,predict_proba,11949,0.11749367566,0fb6432035a6c5a97527ac2630a5ed90ba38b4124ca39f1fb66efaf59ee7be3e,eca963cb697171fdad274f8cbd889f2cf4a24ea164dc71e443d4671add196dbb
factorial,random_forest,1736,2721,standard,36631,12211,True,0,-1,0.868397346655,0.781198335096,0.690664100096,0.918330591135,predict_proba,11950,0.117345221634,37f238b1383c8930ab4a25b0d1f0a8fdc2f2bfabb834d5582320ebe9d08e0a6d,5a05e1f3efcabb5ac66447aa15b626073bf04f3d300d21b17ab75d2888d5e705
factorial,random_forest,1736,2722,none,36631,12211,True,0,-1,0.867250839407,0.779154581357,0.687487950646,0.917778448805,predict_proba,11960,0.117148140326,f70030423fbb299c2867e0a6de052038f7fffa7e28225fb99da25f0d710c5901,4cebbea7583865fa8ba334ae2bf668a21b9933bbdcba806d48db8cab21af745a
factorial,random_forest,1736,2722,robust,36631,12211,True,0,-1,0.867332732782,0.779325697032,0.687740940632,0.917819380986,predict_proba,11961,0.117202543715,ed6fd3d678fdaedd6d98e4670c570ba5bf9f3269ac08b1da2f42fe93b4a327e2,112f5b317077df2c72349c7bcc2ca036a12fbfcaa9d2634702f089d93ab0d93d
factorial,random_forest,1736,2722,standard,36631,12211,True,0,-1,0.867332732782,0.779442985598,0.687861271676,0.917803464963,predict_proba,11962,0.117186144428,13c2d2cf427158ccad2753041905347b236b1f5b9fd2a32b878edfae60e5b112,92d962c81813bef0f51e27b2d545a19b6ea09aabad38bb37623a7d46de328f52
factorial,random_forest,1736,2723,none,36631,12211,True,0,-1,0.867005159283,0.778523945768,0.686607487457,0.917640933625,predict_proba,11968,0.117246776893,4ff9497fc6d09a3772e05e5228c44cdcb98fb8bdb98d3a76ba2de5d16bc42f47,b451eb6a87313251e8b0fcab91a8e2bc2d6d5ca48df7f8aef40fbd1012999dbb
factorial,random_forest,1736,2723,robust,36631,12211,True,0,-1,0.867087052657,0.778812350009,0.686981677917,0.917669744575,predict_proba,11968,0.117174043995,c3a390eb082c3db2a53834df74070f1edb83fa6c69a447e7b1cd71ee09b1365c,abe313ef2f54f8815388c7be2317f7cd92e53a42ebb8e8e6bc04f0ff102668a2
factorial,random_forest,1736,2723,standard,36631,12211,True,0,-1,0.867005159283,0.778523945768,0.686607487457,0.917676339409,predict_proba,11968,0.117246776893,1655a7e7173084f8b496cb166e92e3b63af14bf0f69ee623e9ee925bd5c98063,82a38acebd13fbe6a5aeae00170d38b40d666020a1b6df2ed5ce02ccf4968cff
factorial,random_forest,1736,2724,none,36631,12211,True,0,-1,0.866513799034,0.777262674589,0.684841453983,0.91822028425,predict_proba,11941,0.116758983077,8c228197e15a28928611383d6eec0c6a41bcb2229a6952f20584791e74b1cdd9,c94c04c9b2114cdf06d7191653344efb51649893ce1f16338badade85ba6abf0
factorial,random_forest,1736,2724,robust,36631,12211,True,0,-1,0.866350012284,0.777155020374,0.684576729803,0.9182440846,predict_proba,11941,0.116833884196,bbc3d59fd70d2a9d4ba3a0f6c24fc4421a2cb5cba7fab3cc0bd18d072a36b0c3,2158c4552fc5630e55535b8024f7b6106b80a37508c325a6d99ee04042aba7de
factorial,random_forest,1736,2724,standard,36631,12211,True,0,-1,0.866268118909,0.777218481834,0.684566351169,0.918213063091,predict_proba,11941,0.116788150265,98cac809255f56a5d800b72c6cf225808e81c95afc35c491eb778607119c6ee6,3b168631f1828fb0afc19a746d0eddf054f61f789116c2dddfd6297e2fba5852
factorial,random_forest,1736,2725,none,36631,12211,True,0,-1,0.867496519532,0.779198774112,0.687765341567,0.917951830302,predict_proba,11947,0.118193627171,5d536dabae6730c3c5e629f9c96ec8e51920f628bb31474db70e38712773c9f1,8840440cd3c4691891ed6456e1e251b2694c91dac8dd4f5fb18e8e7e4e8cff58
factorial,random_forest,1736,2725,robust,36631,12211,True,0,-1,0.867332732782,0.778973831331,0.687379390197,0.917967083158,predict_proba,11947,0.118036836377,109d19e3a397e10b6e6566884ac83c44df8ad666a120e05a29ea3dd725ea7e73,3ee5608d144b84cf266fb82ebb9574c6a3c0da04e70b6b050b5c4a1abf9c1250
factorial,random_forest,1736,2725,standard,36631,12211,True,0,-1,0.867660306281,0.779423716894,0.688151292937,0.917971209535,predict_proba,11947,0.118193627171,43d099c08fc0719b6b81c9928e5b7b6832fe19e5e2c229ad8f134787a98f379f,1ab183c1ccbf6503cf4541bd44e247198f8b68a5fadc2c9a090309a379ce4b63
factorial,sgd_logistic,1729,2718,none,36631,12211,True,0,307,0.785521251331,0.562755886,0.232189973615,0.605072060902,decision_function,12205,25819516.7488,dda6e217b9379541cf60810421992c1bdf755575fd74d798e16ec38021e65b1e,442dbe64279c4237be5da2fc5eca0b2f676fadfa87b0b63bedcc5faedf47cdee
factorial,sgd_logistic,1729,2718,robust,36631,12211,True,0,33,0.813037425272,0.722643671402,0.584380120153,0.791928350778,decision_function,12205,36.3524399798,8106e4b6958c3104d5466a91b57a2c847759add1ab64967982b4bb9b7340368c,8955b4ea8ebf65a3e8daab05dc555a1ebaaefcec6a9337bf2d1ee4ea1089bf11
factorial,sgd_logistic,1729,2718,standard,36631,12211,True,0,50,0.847514536074,0.744835729321,0.632306477093,0.901928889417,decision_function,12205,2.52160309918,e8a859375d3deb601f1c4b3a5ff204b15c90de55095fc04318f6ea07586218ed,a344d0302a844f9e7dde0808b9e9f67d9d14eaeb6a47dfa5832ef509d9a76894
factorial,sgd_logistic,1729,2719,none,36631,12211,True,0,290,0.239292441242,0.5,0.386175906958,0.600920741961,decision_function,12205,22617862.0718,a47ad2effea5769ef5fc26a4518dcef76c34dca5829c88e2fd7f8e04182b06fe,97ed705a11de8ad91702c9c97e8995686e576444c34a06db985f80803ad69659
factorial,sgd_logistic,1729,2719,robust,36631,12211,True,0,52,0.816722627139,0.70418852633,0.560487038492,0.792455826956,decision_function,12205,36.5882164122,6fa94cd280674f35c903e84a1969cbefc6cbcf3586393bb55fb6301e13812321,6d727201de146b8d59dbf052685c9d87ecd8532029ff86c9bb05dac46844d07d
factorial,sgd_logistic,1729,2719,standard,36631,12211,True,0,43,0.848169683073,0.752538237325,0.642084942085,0.901335538587,decision_function,12205,2.46098448248,d08062b00639a6759ff4d3481ffb3d39bf1a1cc7b1b08e1b7c0341d9fc294f94,1e1f80557a041456271c1ebcfe3df9c2f54b53bb082047d666a05e9786ba74f5
factorial,sgd_logistic,1729,2720,none,36631,12211,True,0,267,0.774875112603,0.622260979459,0.411978609626,0.644131714232,decision_function,12205,2553014.82789,65be7f483b4f51e661b8640013e935f99cd21b4050a4d577a6140ec98661d7c6,568d01061f3b0bee9efec59191c5f742812755ea3fd096e4de65556b9dde1174
factorial,sgd_logistic,1729,2720,robust,36631,12211,True,0,43,0.809024649906,0.765162241386,0.630544993663,0.857846588544,decision_function,12205,35.8067830806,ad3d4888985cd96595fa1451482992e1665358cfe0de0dc020f1809a7f1a6a58,49d681a05fd444a1ffead11a988cebbc45ad060ca78c56240154b5671097310d
factorial,sgd_logistic,1729,2720,standard,36631,12211,True,0,41,0.847678322824,0.747289154873,0.635437083497,0.901090977096,decision_function,12205,2.52811116733,5bde2285eef5c931a776735ed1435f94db334c0cd2205133ca7dc80e94803cf8,56b94ba40276b6272229c15e2bc6e3fb994d4838b3811f9af91f3b7116004b8e
factorial,sgd_logistic,1729,2721,none,36631,12211,True,0,255,0.775939726476,0.536870923776,0.143393863494,0.579297755568,decision_function,12205,55631702.5861,8c8a18deb43da040bdfbd516f93b1b399c97502baa748033bec3f7e59559d0d0,6c85d485dd42a8e8f56af718ef14d05c76c24a7fec4488eb566f75d492938877
factorial,sgd_logistic,1729,2721,robust,36631,12211,True,0,38,0.791171894194,0.629805782512,0.423337856174,0.609647180812,decision_function,12205,37.6291636474,995b7ad1cd90bd55bfc97e8d71e88386605807acf8c8176a92aaead1dba83c82,21a178b865298fdf2f0d025130244850d5ac80f43f45c902f6ff07e9fb2406b2
factorial,sgd_logistic,1729,2721,standard,36631,12211,True,0,52,0.848742936696,0.763001843827,0.654443405051,0.901845846091,decision_function,12205,2.44288990495,9c3958c3eba794e30c08ab12f2f55629ef12d66fcf1375b2fd5fc8a968cdba08,b73db62f977a075beed5ebd9ec1331be984a24c93d8291cb27ff65deaddae5a8
factorial,sgd_logistic,1729,2722,none,36631,12211,True,0,197,0.239292441242,0.5,0.386175906958,0.598761210204,decision_function,12205,35136042.3612,a47ad2effea5769ef5fc26a4518dcef76c34dca5829c88e2fd7f8e04182b06fe,916061a9fd18547d5b24f3263782671693406492b47c2888f6dae11805b20e7f
factorial,sgd_logistic,1729,2722,robust,36631,12211,True,0,58,0.815903693391,0.706113315161,0.56298600311,0.792357862357,decision_function,12205,35.9032685431,9648eb879d9574069540a2ba3175a5eae2c9c868e76c008722a422bd43b84e52,d20daa41ce6058f7a3ac277d846f5632739bc53e768b6b4b2ada2aa6dd9fb746
factorial,sgd_logistic,1729,2722,standard,36631,12211,True,0,48,0.848251576447,0.764086343986,0.655255813953,0.901942963309,decision_function,12205,2.34585912024,5efea6c5fb4a36056c1ccfe128eebc4ba16f2d9bad841bab9730bc4968487204,86c60b4839b649c563db3d9eec8aee78d22f7b2709fc337c7a50920efa9186df
factorial,sgd_logistic,1729,2723,none,36631,12211,True,0,284,0.239292441242,0.5,0.386175906958,0.609013192541,decision_function,12205,17419413.5227,a47ad2effea5769ef5fc26a4518dcef76c34dca5829c88e2fd7f8e04182b06fe,9a6a6cbb13df48f5a337f1c7ef1e83e7792b1bc61f6341da7023188f525d33d2
factorial,sgd_logistic,1729,2723,robust,36631,12211,True,0,59,0.812382278274,0.756344027501,0.623376623377,0.858484334764,decision_function,12205,36.8240385303,b8d4edb0d083e804b9f6fc59689eeac768bab51ee3ebb58ea1b0ee6fee922d38,71b413cece261d74cdf0ab940fe27737add1ba8090d83c0cdf4005f0ef97a1df
factorial,sgd_logistic,1729,2723,standard,36631,12211,True,0,41,0.847186962575,0.779806990951,0.670783345095,0.901679980494,decision_function,12205,2.33001509941,87b55493f0c60d846a154569dbcc05fc99db7350b3c73a13c8388e895f78eca1,5c03bf31cef7347c642284e6bc2cfe7c580d4c46ffd5c872e7e0dbcaf7585e9c
factorial,sgd_logistic,1729,2724,none,36631,12211,True,0,234,0.787896159201,0.568773837653,0.251012145749,0.608839442618,decision_function,12205,30071444.7966,d2cd11d6d0ca85b42508c97b08e84c92d359b37dd025ea2094390c72c61c9e25,51d7ad36651c7eb3ecf728f161d2b9d2a21ae426b44ecc70391a2fbef69e89ae
factorial,sgd_logistic,1729,2724,robust,36631,12211,True,0,46,0.814675292769,0.738967727241,0.605267748125,0.858679711322,decision_function,12205,36.7014490937,2238272303f6f4d03383a23350932a36884414e8051cb2799d8fe1c9c82282c8,0295b9a0910649471cf5669dac6ff44aed906f675e076288bb8d7ac2935ea9a4
factorial,sgd_logistic,1729,2724,standard,36631,12211,True,0,49,0.848415363197,0.764663152468,0.6560118937,0.901539978435,decision_function,12205,2.41068275191,00ba5e90f6d645ec9653dc251fdcdc497b22d7bb1a4178d3099e9bf8699b75c4,0f2b5dcaba5881171a28dedc5b505f275b52b85d6b0a658502ad87e8796b7017
factorial,sgd_logistic,1729,2725,none,36631,12211,True,0,295,0.239292441242,0.5,0.386175906958,0.620938346851,decision_function,12205,8778466.07008,a47ad2effea5769ef5fc26a4518dcef76c34dca5829c88e2fd7f8e04182b06fe,476c5bf44a5895322353081f9adbb3cf2624aa5a20707268198412588a170dc6
factorial,sgd_logistic,1729,2725,robust,36631,12211,True,0,58,0.810089263779,0.762929779609,0.6289006241,0.858268584223,decision_function,12205,36.1687450056,a45576d74d7cd74c4a5e1b1c6b2c33d088f747968d1f95c3fe7499e419d87bc8,8488de9364144388947d56aceb66d4135b7653715fee0aed1fe09e352a42735b
factorial,sgd_logistic,1729,2725,standard,36631,12211,True,0,37,0.845876668578,0.775544388795,0.665481692144,0.901227405418,decision_function,12205,2.34351548284,851d9062faecf840c4f9388220d274371ebc17a19e9fe241453e8612621f3133,022787296a7a2ddbd2efabdc3a53eb1f12535162856ad8361567da78e965f0cf
factorial,sgd_logistic,1730,2718,none,36631,12211,True,0,293,0.79076242732,0.580627314593,0.288895073755,0.61105361202,decision_function,12208,20649037.7912,fbd30cf70f6d99eab3e0824dac63e88a064f8f27561c46da767ace61c323f8d4,c0364f3b281ba9f7256b85a2825a95deb36f9cd067e088435a2978171f290659
factorial,sgd_logistic,1730,2718,robust,36631,12211,True,0,72,0.807714355909,0.74963993681,0.613688713393,0.854882892331,decision_function,12208,19.3892494057,f3caefca5d32b07f73506f6979cd2705b025bb693a76b7448845f15b9c1f1900,4f02cc49cb8fad74996a9a78407d072ae38dd4aba94bb953d49a0b8301ae7f88
factorial,sgd_logistic,1730,2718,standard,36631,12211,True,0,48,0.850053230694,0.773480740027,0.666666666667,0.902006848459,decision_function,12208,2.39630734939,179b25f2951377cfaa5a4224c7b2b7caf78ee68a1932fd8731b968026046f241,0e464c9e7f78becf90a327238ad4404194a1c5639199f639e34bf62d06838058
factorial,sgd_logistic,1730,2719,none,36631,12211,True,0,255,0.78601261158,0.564486311446,0.237970253718,0.60123486237,decision_function,12208,31474008.6366,ce3e8faf98fe3db5e72b0dfc828ffc76b57274811699cb244bc391daa44e995f,41fa8fbbabb3de31abf4416bb97a77e81a2f1e6cb1191221700def803164ef08
factorial,sgd_logistic,1730,2719,robust,36631,12211,True,0,58,0.810580624028,0.707188807292,0.562511821449,0.777934002882,decision_function,12208,18.4826491381,8104d16c93dd3863e44b534845ecaf5595a6782202b16ba59ad00cbdf014fd46,5ab9791481a7752e16c652dca6c74a7af47afa15db63ed8015bb585f1e61c540
factorial,sgd_logistic,1730,2719,standard,36631,12211,True,0,45,0.851527311441,0.766122139712,0.660041252578,0.901873772817,decision_function,12208,2.4713014632,fab0203584e8ca834e8b38bf0a562636cad243549b34ba6dcae2d73303362951,051f1aa689a3aff68ad95412cde42da3e5326cc41a0d04042f01c288626e58f3
factorial,sgd_logistic,1730,2720,none,36631,12211,True,0,246,0.789861600197,0.615221786472,0.389628924833,0.629462151143,decision_function,12208,10865665.0154,cfa819f29cd49b0e6896cb3d6675ea3bffeb4a04f580e74847d2226c8dee2bb6,c4775d3365ec941e77b144e2a84ab0cd6577754dc9320df9ce182f5c984ee116
factorial,sgd_logistic,1730,2720,robust,36631,12211,True,0,49,0.810253050528,0.762099125289,0.628149574707,0.856113142001,decision_function,12208,18.795693007,d0636f0717a46c51643dfcdae1276fd6212bf396a0230ff763130da909e5239f,06a2c8c459a64dced8bd088a5b438dd1646329aaf081622179fa7a7dd9cbd91c
factorial,sgd_logistic,1730,2720,standard,36631,12211,True,0,41,0.847678322824,0.759604454394,0.64984939759,0.901586142272,decision_function,12208,2.42590805632,4af405a93daded79b578ecf42094a32f7eef90532a44c6a8e7c813344a94f3c4,d890da7872d70b11f142e4c1c0a370f56d2d4b314f7f98de663c086b41c4b5e2
factorial,sgd_logistic,1730,2721,none,36631,12211,True,0,248,0.773319138482,0.527759276629,0.107096774194,0.560275417945,decision_function,12208,89340020.7745,79a564bb6b5b5a73b1d913240bd87cb7bdb19d69fa996f2731a0d497524f324c,a487dbaabb09d52ca0d19f362a682f9368b1ff8742af135bdcf6af7e02ae1b75
factorial,sgd_logistic,1730,2721,robust,36631,12211,True,0,58,0.811235771026,0.719934723672,0.580069229368,0.777945829372,decision_function,12208,17.9178445132,cb3b2c09ba87b0255629ca98968d2d9106551e657bb9175b2ea453eea823b32c,d0ba66dc565df300aa8a5820bda81cd290354ee5a049760efb8b6e2acb131321
factorial,sgd_logistic,1730,2721,standard,36631,12211,True,0,49,0.850135124068,0.753712799335,0.644935972061,0.90218877745,decision_function,12208,2.47276651128,d01659458ff067cbfd894be4b986f6d385fbebe0f41dc9aa110c61e274d082d6,8db37580838fffadd5a36ed24f5e9ddeac5b40c2eedfd3948e3f1618c2c7ae49
factorial,sgd_logistic,1730,2722,none,36631,12211,True,0,244,0.79313733519,0.601658202805,0.351642710472,0.622220249913,decision_function,12208,16314668.426,a4094f5d7c10767ddb4c12709a7fc3caf61f8b1ebefdc7b6fd660d3b77b3cb4f,362817cc60674fdd093989cc5a07806ffff75163103681196610e0cf120e2182
factorial,sgd_logistic,1730,2722,robust,36631,12211,True,0,52,0.810826304152,0.700195686036,0.552499031383,0.777753952866,decision_function,12208,18.9347155745,91fab876a97ed306cfa69fc57289975ee16e4f1caac168f0fe1ea281c6247f29,6b57ac31eb33d8eeb5a4970a73caaf26660ad9eeb1a3ce05a676701452067100
factorial,sgd_logistic,1730,2722,standard,36631,12211,True,0,49,0.847023175825,0.750494483587,0.638824439288,0.901823335234,decision_function,12208,2.37437299879,9d8081124cd859d1ae140a1c7df0503aa1d8412bec4ee555e939e52844a33b0a,2b96d37fce64ab1d183a4533bcf6935526931ddbd5cdd3cee48da9c9b6e028e6
factorial,sgd_logistic,1730,2723,none,36631,12211,True,0,228,0.239292441242,0.5,0.386175906958,0.583368241741,decision_function,12208,50402032.8764,a47ad2effea5769ef5fc26a4518dcef76c34dca5829c88e2fd7f8e04182b06fe,d6b5df28fe51bbddfc1492e68ae8f9f37fd5c8df4673ff989515e9ebf815cd86
factorial,sgd_logistic,1730,2723,robust,36631,12211,True,0,44,0.811071984276,0.751846848211,0.617856551267,0.8564438416,decision_function,12208,19.0362858783,39361ea18a8b581cc0d3e9b4810028c99c29b1cccfc1685450a3ecd1fd65223d,bfd135944889b5655ee5e1d72378407fb2922cc0b790fee380aedb2b66f02c43
factorial,sgd_logistic,1730,2723,standard,36631,12211,True,0,45,0.845221521579,0.790830439896,0.679769569637,0.90238559087,decision_function,12208,2.30443982905,f70e6199acdc04d396c59d7cb013d758cbef1c93d5a39db82860df1793a95c36,ed574075b887f3b94eb665f81e056e809bde591a4f01c2deff8be346b83e09fc
factorial,sgd_logistic,1730,2724,none,36631,12211,True,0,251,0.783555810335,0.558531821252,0.219202363368,0.596747612173,decision_function,12208,36242046.2029,dadf7dbe4bae5a3ae32e60b0a5602251a8a3acdc8e99cfe8c1a51a3e8ffcaabc,4c38088d67742ab727bff491f243fe8f52470231ed6a8c7b13aa29fde5904b11
factorial,sgd_logistic,1730,2724,robust,36631,12211,True,0,37,0.796167390058,0.674374811596,0.508588351431,0.687974464214,decision_function,12208,18.3591825354,80886e364d26aab7a22d8b152e927ae4d940e5f9443ca18536ef591e430e8168,b3c7175d8bc63595a010c0579d64b09decc748ce1ec3b8efc20bce646e2d770b
factorial,sgd_logistic,1730,2724,standard,36631,12211,True,0,44,0.846368028826,0.74478588122,0.631434184676,0.901079003235,decision_function,12208,2.45394030307,8e4f1e30a44859757e4377a60aaba05fa9a26df685e8bfbeebccef2056115375,0403ec013b8f846043d8b83bbc621007ed913f4f25bc06589d651c8d72411b80
factorial,sgd_logistic,1730,2725,none,36631,12211,True,0,278,0.774875112603,0.533473534342,0.130338500475,0.569221475815,decision_function,12208,61791520.854,fd9ad37a873df087f3aaf4fd879e152ae5ae1798ae93ceaa2c490a6f97fbb471,97c5d4fba44292f7379056ee14f6bb986d220b7f16ed7c1b9f50034fc6ab5706
factorial,sgd_logistic,1730,2725,robust,36631,12211,True,0,52,0.812546065023,0.744722825029,0.61078047951,0.856913069553,decision_function,12208,18.4337266204,2a86794dab0ab1437665787c1de742e26d15e4959d7d7414a940d6905b634538,c1302e725fe84a8752fd5378a8fccbdfde620bd2020d37b3e06afc0c858c438d
factorial,sgd_logistic,1730,2725,standard,36631,12211,True,0,46,0.848824830071,0.743351191701,0.631389776358,0.902308773951,decision_function,12208,2.45919373031,e345efdfac1cbf94e28e67d77085fbdd25fc2e8c279b9a2fefed05b892bd8ff4,398a7dedad0c6a8160500a1764ba7a255cd425f50ee30e53f4f52b28aa352304
factorial,sgd_logistic,1731,2718,none,36631,12211,True,0,220,0.787077225452,0.568470143714,0.251152073733,0.602201539743,decision_function,12210,34963948.3779,efd7e1500feebf2ae1f0d13c4ccecd658adfd65323e1439c4c86a8dc3a2718e2,16942d1917de6c8f541d5283a2f66375987a066b3983c752a365e901309f5ec1
factorial,sgd_logistic,1731,2718,robust,36631,12211,True,0,38,0.819916468758,0.765401221216,0.637188582742,0.862459951122,decision_function,12210,31.2814452596,fda4445a3bed18316204db69fab0a3f6e80fdc7632732cbd742afb04166af670,7944cf604ae0c4beec15023990d0b0ec1986f2f97690a4737ac8c3266ce90059
factorial,sgd_logistic,1731,2718,standard,36631,12211,True,0,49,0.85390221931,0.756071557705,0.650607128868,0.906222384133,decision_function,12210,2.52862314962,db49dcaa0298bce1a4ab2f7f737768ef99bfbc09c354b6022dc2d6c4c439089e,5ef498347f042dfd55a424345ada5fcb5099755d3f88228c33de48074c7c6ef3
factorial,sgd_logistic,1731,2719,none,36631,12211,True,0,306,0.776021619851,0.537276616584,0.145045326665,0.571568315589,decision_function,12210,51897086.3515,8528132b5b14c443b7155011bec819b6fdfdd796eb1bcf463e4a1b6ba6375ccf,ff64db173d7aab384d1714f5420a7108245c8c8799d281f90e8498fc18971116
factorial,sgd_logistic,1731,2719,robust,36631,12211,True,0,68,0.820653509131,0.765299222348,0.637537239325,0.863202846257,decision_function,12210,30.9220202629,745ff7995d54d17ba9aac00c449f31fa559d504e0ba0a34968c6c6af5fa1e689,5b579e63aefa795423cf0bff2d78e7fb5cb6e79dff4ca0de4521d36d65f107fb
factorial,sgd_logistic,1731,2719,standard,36631,12211,True,0,34,0.853984112685,0.7689098386,0.665038512117,0.906409065826,decision_function,12210,2.57069702267,66c9b753f028923b0b3135f6404bccc0766a5c532e815d8e7a333e71500e76f1,12cd59f1ab39e951cac030b4b2994a784cf06a64a7a7e22bc1bb4512a9d94178
factorial,sgd_logistic,1731,2720,none,36631,12211,True,0,250,0.787814265826,0.56930645338,0.253098875757,0.601615852183,decision_function,12210,33020024.1531,eab91d16199051cb4d00557365f23c4a42d4e19718c437da7b19103b1743fdf6,e8681c8e489b8c6063a9f0e8de6cc5f6278b862d2f0c46674f954591ead1bdf0
factorial,sgd_logistic,1731,2720,robust,36631,12211,True,0,33,0.819507001884,0.769940916921,0.641509433962,0.864067764239,decision_function,12210,30.8044215548,a691bbca72f426f7b8198b121c0183f67a1712c1318fc3d3e1b774ee98f01744,9cd1992a8f3c43527261c73eeb35852d022199b3eb2c8cf5028e760e870ed971
factorial,sgd_logistic,1731,2720,standard,36631,12211,True,0,43,0.854557366309,0.771163245422,0.667913238594,0.905527789709,decision_function,12210,2.45138851005,8815369038c87740888512733b90d48c33790e2d9dc9673db2f06664ed76758c,ec2afdf0f5aff14c3eb441139b4c370b76a4f8be59cb0d5da7958e895a5d1fc4
factorial,sgd_logistic,1731,2721,none,36631,12211,True,0,232,0.793301121939,0.595549562976,0.33368532207,0.618285823635,decision_function,12210,21694430.5731,58ebdbe741e363ed582ec266ecbb8ac3aeaf6db7d58b1358cb4a122e32763abe,2f4318995f87fbfc5e0ff2266d29e9534ea3dd507541bf619e1ce065cfc50e36
factorial,sgd_logistic,1731,2721,robust,36631,12211,True,0,52,0.79977069855,0.649297679672,0.462991434219,0.610132545844,decision_function,12210,30.4006965714,ade19d5c8eaf0ba94d6df292a793c14d94487bf10455b6953637f10f67aa8e17,36fdb7ae028d1a6e76ed6755ff3de992ff935ebf65627ba55f99286018240e18
factorial,sgd_logistic,1731,2721,standard,36631,12211,True,0,50,0.85406600606,0.764037545899,0.659793814433,0.906664090629,decision_function,12210,2.52151304518,20fcb17921718c97c37fc6486a0d729b7a60538229c10088359ce6117410a3be,f7cb3844cb1162273435e703b1fdf9ac8c3ba88d8a12a2981a59525f72f3f37a
factorial,sgd_logistic,1731,2722,none,36631,12211,True,0,323,0.783146343461,0.557558954314,0.216104203671,0.593066663307,decision_function,12210,30959960.0188,fda28ec67547ba472decc3f00b9ca8319ff2bcf4be5f52f2f2702aa5da748033,90d2003cf3f006995653de7b8c48e08f278822569fb83345388c7e1803647942
factorial,sgd_logistic,1731,2722,robust,36631,12211,True,0,81,0.820407829007,0.736284753577,0.605078336035,0.796497170595,decision_function,12210,30.3099075873,409fba0eb32770ee2edca76fed334b3faf367f76a8ef77ba655e69f68f2e80eb,0c6a0d825a49ad8266bedbe49039295d042524994c4ac48c80c0e73459522547
factorial,sgd_logistic,1731,2722,standard,36631,12211,True,0,38,0.853574645811,0.756208114976,0.650508209539,0.905806799075,decision_function,12210,2.45964824641,bf06a9235d633fa1d5ea0699c7889399057c0f6f7f31b3a01ba618029af50aac,27bef9e6bbc352c9b136f3d96af885e60b6d0a7f12ecb1bd3730d99f07e2db3e
factorial,sgd_logistic,1731,2723,none,36631,12211,True,0,184,0.790516747195,0.582577027475,0.295704845815,0.61160422538,decision_function,12210,33359974.5199,953e2843785f40f9dcc50b741bb401beb97ef80c307cd8f06314b8578dc070a3,67d2f114b7e75182e01424ef4e359feba97c80e552385d2ddaed9aa913f11eb8
factorial,sgd_logistic,1731,2723,robust,36631,12211,True,0,48,0.799361231676,0.651726181173,0.467854039965,0.610098908507,decision_function,12210,30.7574649442,2ea08a8bb5463c9ee4dcd462834e36b595dfab1b01069f936278bf4fc37e39ed,0995c2569300b3f8632d79348845aa4c701a1506ab52d3010dcd6b74f3e75d56
factorial,sgd_logistic,1731,2723,standard,36631,12211,True,0,49,0.853410859062,0.777564268498,0.67359591539,0.905858268253,decision_function,12210,2.37165741173,76ac609f358f8bf368bf6ae4db1c4d5a345246b1e7888974ac350f25da18e96b,71939b3e1832b1ef7994a5403a2c4db10afc72e66aea002cd855f07dd89b4614
factorial,sgd_logistic,1731,2724,none,36631,12211,True,0,198,0.746212431414,0.613977462911,0.404610951009,0.645716648065,decision_function,12210,1431053.40002,b49e1a4efb4e149e5d575cf77d270a7d39bafa9982cc4425503529e54a4aebb5,63ff0c07b2e8f1edacfb28ddadf13d592fd39265745d1fda7fcb9bb554aa7f6d
factorial,sgd_logistic,1731,2724,robust,36631,12211,True,0,36,0.798050937679,0.631160468223,0.424369747899,0.608217243995,decision_function,12210,31.4138505254,7ad3b86609bc955be57ebcac69e72457b4bd78bfad655a450a82ca5872eca5d3,3939596acd19b2f8bd2f02c823bf687dacd3d63de8bad310bb8d0106a9af5a30
factorial,sgd_logistic,1731,2724,standard,36631,12211,True,0,52,0.852182458439,0.769250393608,0.663935952337,0.905968648823,decision_function,12210,2.38799112493,46f85cf66d8ee6a56ca74f993536280c50266807ae07b57a3898a605cb88f2c2,dc5265fb364cdb4e3f856170013b2942a8e08a2a8dcb1ecf264b02bd0ddf61cd
factorial,sgd_logistic,1731,2725,none,36631,12211,True,0,317,0.239292441242,0.5,0.386175906958,0.642400809831,decision_function,12210,2942723.41751,a47ad2effea5769ef5fc26a4518dcef76c34dca5829c88e2fd7f8e04182b06fe,c1575f99ae4795eea6d1e26a022e45f20dd2f66d828fad41a3bd62dfb26f1f46
factorial,sgd_logistic,1731,2725,robust,36631,12211,True,0,32,0.816231266891,0.782918057753,0.651877133106,0.862556036745,decision_function,12210,29.8440559172,2f26d5713d1779d7b3c5928d23e2ba2d179977238e00d7423ac980f186476400,795a674e05fe257caad36230e5f39e07e774e356f3eac2921f257a50ab099499
factorial,sgd_logistic,1731,2725,standard,36631,12211,True,0,45,0.853165178937,0.766494950457,0.661761931711,0.906184509892,decision_function,12210,2.52348376712,8568c340f6fa9aad26e05e775edc12943915308d8266b9707bfa93e3860c6026,066b7b43028444e93b0381090d7ff804dc89076f34eb3615ea3cb0b81293ad1e
factorial,sgd_logistic,1732,2718,none,36631,12211,True,0,304,0.792482188191,0.57941191251,0.282559456399,0.60168262948,decision_function,12208,24942787.6617,6292840404364541c44d32450ec2d4b3f39de2ce37978f3ae945a54f224008c4,edbdbd02d820e38835129a75d27b805c181bec1366bb9be8f861d4687d474727
factorial,sgd_logistic,1732,2718,robust,36631,12211,True,0,48,0.820162148882,0.734012078051,0.602173913043,0.7975647784,decision_function,12208,20.7862782842,9db537c69486ffefe85f3966a5c6a1f0a6450e7dc31fe8351c384a142a8f7c8f,4cbc25261aeaa7ea2e309e1c5782a26b1f209bf10bdda3ff53f5b9d5be32daaf
factorial,sgd_logistic,1732,2718,standard,36631,12211,True,0,40,0.853820325936,0.768802184386,0.664788732394,0.910367642459,decision_function,12208,2.4516694855,a17edf8b6725a62306451447dfa2f1a5e0bfd487b6035253d9a2485fbbe1d518,b881f15dd5e8a0cadf61b15f4dcf9b0ec6a08cc69d759bf7bd7d323bbe971035
factorial,sgd_logistic,1732,2719,none,36631,12211,True,0,288,0.239292441242,0.5,0.386175906958,0.627412834166,decision_function,12208,14808321.699,a47ad2effea5769ef5fc26a4518dcef76c34dca5829c88e2fd7f8e04182b06fe,71ac6b81cca7aa298302ce6155d8c6cb8fd50ba5c261b3b34ac9cd1cad29ddf2
factorial,sgd_logistic,1732,2719,robust,36631,12211,True,0,52,0.818524281386,0.756041383577,0.626558813616,0.866942577566,decision_function,12208,20.0296116212,fc2b0bb5b81efd238f2c7a5b2cd78f6cdceb2a7faf6634f3a1a2a4dbf2c88bf5,29291a0f2dcb58a4060a73c89d41da9b5e47376fa9afc68e0596cefd24645c13
factorial,sgd_logistic,1732,2719,standard,36631,12211,True,0,45,0.85422979281,0.785491719283,0.682142857143,0.910335736727,decision_function,12208,2.31632084579,887190baa25e491901c0995a3c6d20d03f02b1ccecee17b7d7ea6bb286833757,8d1ac5e13094d0068eec2a2e2c9667c1f5a0586a54ab44cf3e56f30244b4bc94
factorial,sgd_logistic,1732,2720,none,36631,12211,True,0,173,0.794365735812,0.592026926964,0.321901161221,0.612109024909,decision_function,12208,30550526.385,c05aca5c91160e1ab0adc5197149f05c435f5f2f04029ccedd1027748e1bfdc3,db30dde35fdcb70de2ba369e12f183fa5bebefc255a4d2954cc92d8f60cce7a6
factorial,sgd_logistic,1732,2720,robust,36631,12211,True,0,70,0.820244042257,0.730547248153,0.597911705441,0.797641595319,decision_function,12208,20.2097840936,e0000d02ae1e0d38000308b9cf3e068dde3d2e3160be40e22aeb52d80522b7dc,937530955ecad492f8ce2c8600d69f051c784543836f13c665178b22c420521b
factorial,sgd_logistic,1732,2720,standard,36631,12211,True,0,42,0.853410859062,0.771699840154,0.667533432392,0.909892409155,decision_function,12208,2.44771968947,ff9426708b53db1826d92526f8c5ba1d583bdaef1aa0d2ed82fd0b6dce2c7416,597f6a9bb6cb038b4ea62fe1b16a9d1d497219c01bd62c9bb8b4ac2e16298f71
factorial,sgd_logistic,1732,2721,none,36631,12211,True,0,228,0.79534845631,0.602173226168,0.351414482222,0.617472209039,decision_function,12208,19077932.614,24b67b698a15ca3f9ba1bef2528aea3ca1c9600688f4d612ed9d02d55138717e,c38b16dfd4d07c51eaa8a513915f1091ef08c4dc3d78ff56644b54e42594864f
factorial,sgd_logistic,1732,2721,robust,36631,12211,True,0,50,0.820407829007,0.734056270806,0.602357207616,0.797564299446,decision_function,12208,20.3721793908,e394dafdc4552667ed0e20e3d8d282201c878322fd54ff89158a2f3cf8a7002c,59104c3be0be3de5226ce21d2ad36c2c674a08bdf67966db519fce46e9421eb4
factorial,sgd_logistic,1732,2721,standard,36631,12211,True,0,47,0.853492752436,0.778790981274,0.674904597492,0.910250114415,decision_function,12208,2.49969009156,ee710d45299822ab5f55c246f22fb79b3631d92785645cd62ec9a725fbde9192,38deb8adaff39879a6a187d296eeecba3195a1b1c279ba1972f825ca02fb0da2
factorial,sgd_logistic,1732,2722,none,36631,12211,True,0,276,0.785439357956,0.559535267587,0.219773674806,0.58804981848,decision_function,12208,37526797.2102,8ef11ea028685b4860f0284551e5694ac49cc88273051dc439a31e87dad901ad,60f08df031d476dd8fe2a21caef55c86572e9520f7440cb38cd998503af95d6b
factorial,sgd_logistic,1732,2722,robust,36631,12211,True,0,45,0.81434771927,0.760802669382,0.629150989694,0.866056254006,decision_function,12208,20.2623421559,50fb5f40d50577885ca33b971297770c22586c0f4cf3a0949854329c23fad72e,16125e1f518aed0e6f34173fa5cbf77e29c41237f2e0b4ec4db3454ec44eb79c
factorial,sgd_logistic,1732,2722,standard,36631,12211,True,0,47,0.854639259684,0.766642818421,0.663123932435,0.910398111328,decision_function,12208,2.41331893763,7cb85069fd8a0548c4d57643d9990e5f466d669f1e1dd86337ae9790f47a5ae7,41e52833183135d3a7f8b26257a70f7351b5e2c256cf0e56725c6d2be270b98d
factorial,sgd_logistic,1732,2723,none,36631,12211,True,0,344,0.239292441242,0.5,0.386175906958,0.613224399205,decision_function,12208,21399780.067,a47ad2effea5769ef5fc26a4518dcef76c34dca5829c88e2fd7f8e04182b06fe,8700c0736622d8fd7710aa1ade5a36e2eef6fc1d6b7c25c2b33b336525f4cf19
factorial,sgd_logistic,1732,2723,robust,36631,12211,True,0,26,0.816476947015,0.748127546149,0.616726526424,0.867096579831,decision_function,12208,21.3639310449,ae68fc89d3ee4660234457e2467ff760c184671709e57bd6a38725f4ff00250e,4101dc85a5553c6f4bfad5d6700ca715d1473a75f3f78ce9e281adf1986a2202
factorial,sgd_logistic,1732,2723,standard,36631,12211,True,0,37,0.850298910818,0.795340606219,0.688054607509,0.910629556837,decision_function,12208,2.29421723995,14aef6aad3d12a1c629e8f4f5b03226705fcb9235d3652887e4820fa566297ae,f6a1949935dc91460c48312e8a12ad0306bccb58bb764a1d863c85d62eb9e25c
factorial,sgd_logistic,1732,2724,none,36631,12211,True,0,336,0.239292441242,0.5,0.386175906958,0.639545891533,decision_function,12208,4643087.3532,a47ad2effea5769ef5fc26a4518dcef76c34dca5829c88e2fd7f8e04182b06fe,9dc72656a9c02b9dc6467870a9c53417be1c3f3e455e11232d3a2b5f8b23cf46
factorial,sgd_logistic,1732,2724,robust,36631,12211,True,0,46,0.816640733765,0.776501744978,0.646119804015,0.866981557087,decision_function,12208,19.8780134401,f08a279978332a073cb81182ebad2e4b518cbfe2db559ab25045096f3f011320,4f28ae3fc70dfa7c0b99a8aa1cd62e400ca8583394c4903cb5e4303647efa81c
factorial,sgd_logistic,1732,2724,standard,36631,12211,True,0,50,0.852018671689,0.756475574172,0.649602482063,0.909454202711,decision_function,12208,2.47784405386,256d4cbc87c0cfe929866a40838af31852b4f4c729b4de475d7006f5fded9109,871c2c189bddf35a5b425ee20ceed1a558852358ab6b9df10f81fa903a7b160c
factorial,sgd_logistic,1732,2725,none,36631,12211,True,0,255,0.239292441242,0.5,0.386175906958,0.639212723476,decision_function,12208,4864966.79316,a47ad2effea5769ef5fc26a4518dcef76c34dca5829c88e2fd7f8e04182b06fe,39e6ef258d8e443fef295cd281114aea43b456db443e23b93a838820d493c3f8
factorial,sgd_logistic,1732,2725,robust,36631,12211,True,0,62,0.818442388011,0.733937305899,0.601187263896,0.797427097428,decision_function,12208,19.8132756476,9959e93e3faa34ecb2a8ce31b6da6c0425b92ae697a1b1d464163d6ff8268c6d,c7fe4e267e49ed0f50ba8c116e6e7db499de515584cf1a96f37acb1464b868d9
factorial,sgd_logistic,1732,2725,standard,36631,12211,True,0,50,0.85390221931,0.769207877194,0.665290806754,0.910095264769,decision_function,12208,2.44074745357,d1935418cc8968766d92cb26dbc12243b54cb212f99f39f8f47a2802f2be6f49,2068361a42a39e4776377596765b25e23466fde22b3c3cef4d30f1dbde04ad27
factorial,sgd_logistic,1733,2718,none,36631,12211,True,0,227,0.782982556711,0.552290603158,0.195018226002,0.579005151265,decision_function,12206,53785425.2802,f3bb8ae5b5fbaed3b4012758ee00623b70eed9d6b2f1901ce8d8d7e1d89b673b,f802589009c3bfe6c105b7d8e64f8d7f4f4a677f4e6c30a0ea875645789dcb18
factorial,sgd_logistic,1733,2718,robust,36631,12211,True,0,55,0.798132831054,0.682703976184,0.52237938384,0.679565166869,decision_function,12206,26.3768552165,7bb36fd17ef6edb0cb71fb70803037cb03e507841b416af524db074c776874e7,0ab6381be06aab04e6fc0417333f400d87bf2104553841e658ee9d5551bd38d2
factorial,sgd_logistic,1733,2718,standard,36631,12211,True,0,38,0.854393579559,0.752523997642,0.646801748113,0.905525284409,decision_function,12206,2.53062877232,4643215f8861b95537bbfec4d41e59ef0d2531bb9598a2af67b77c15cc3d7612,b7d576cbe713725f532b0fac7ac5ceeb9f95663f157d5fada9b72534cdf4d507
factorial,sgd_logistic,1733,2719,none,36631,12211,True,0,264,0.786503971829,0.56293265702,0.231200235919,0.593605229121,decision_function,12206,33064401.3359,7df15ae464e30f8921e7be667cada6626bc1716c2d120fe0fc35e7097df0bb15,48846a10f80005eb938cc373c7cdf1e6edf2df41e0567e00214666b9f899ed7c
factorial,sgd_logistic,1733,2719,robust,36631,12211,True,0,28,0.79977069855,0.684953403999,0.526254601821,0.679661289335,decision_function,12206,26.5781237814,de56a34541b9a72c360db84090599489a48bcf3b253f92feb52d0dd1d769f6ec,2962a8aa8cebc499338f3537c3d5959016629ecb7f658baac8f9a8f347f998fc
factorial,sgd_logistic,1733,2719,standard,36631,12211,True,0,47,0.856768487429,0.766752148976,0.665006703697,0.905565442894,decision_function,12206,2.40894087466,5f3d1c911958559f0db0686d5970eb92c275cfe6b9cf033f721247cbb5b186a2,d4ce7e6b0c35a3998072628606485c0dfecbdf91dd57048d028356edc7708ec4
factorial,sgd_logistic,1733,2720,none,36631,12211,True,0,294,0.797641470805,0.615995684694,0.38760842627,0.625291195072,decision_function,12206,11386491.9187,4377d36e9f50e3d9d6b3e7920b86d87c22bc763da119e5c5569bb11a6cf63de5,70ab36a1fa0c2bd426655cd7bdb4174047e75e00a8179d1acb1d06ac8f6d6ef9
factorial,sgd_logistic,1733,2720,robust,36631,12211,True,0,48,0.820489722381,0.740678257658,0.610380376822,0.794879188908,decision_function,12206,26.8607699716,6a045bb34e4ed2822fa5ceeeb063fd6b0bbcb9e611a6930f1756fce3acc697b5,41b3948f0e141079533b79c915f723fe9ead9fd20b069dc0b7d9c35766285dd9
factorial,sgd_logistic,1733,2720,standard,36631,12211,True,0,48,0.857833101302,0.777186852421,0.676963155936,0.905524510713,decision_function,12206,2.4395669414,546a91ed6f4a9f41be190b6b6e56311abeaf61d9d4d69d048254d7e20fbf8636,69de23b38b64a4f1996f6daee24659ad2866d8d91cd54ecc293a27876b329b21
factorial,sgd_logistic,1733,2721,none,36631,12211,True,0,286,0.787077225452,0.564365043873,0.235743680188,0.594585317218,decision_function,12206,30372371.4985,ce1ffb3dade0f1eabc82681ed550972c433d05073d54a1d455e83e62a7318f4b,eafc91067155a7d717156841ad9962d93299e1f55c3c8fe1a573e52b6aa3102a
factorial,sgd_logistic,1733,2721,robust,36631,12211,True,0,56,0.816640733765,0.741315174919,0.609044875153,0.794568752764,decision_function,12206,25.883349267,8c7c797366bd36e5f5b10612a6f783c753323ab8ac5ab85547201e94878e5962,e76a54835b52272a5c53b0c889d27676c490b3e6d5b11d5e4b33b50a79834db8
factorial,sgd_logistic,1733,2721,standard,36631,12211,True,0,37,0.850462697568,0.781490920977,0.675088967972,0.903517175932,decision_function,12206,2.3317603077,a307ac3b76ce7c45b36140aa7b82017468f563b14b215b76fbb4bb64db864fd9,0bdeffae0ad796d86c40bb89fcb70832cc54a8cebee7aad497fc00f0fcdc1429
factorial,sgd_logistic,1733,2722,none,36631,12211,True,0,246,0.796904430432,0.618912609168,0.39541686982,0.626675999646,decision_function,12206,12210103.3949,5baa1fdf0e8d2cef0889585e0521933f342278cf8fdfa821c4f90ef2a5a42638,5c03bb421980f62a5c55a1c6beb9cea7f7cfe7580db70b4f6f24ac667888530a
factorial,sgd_logistic,1733,2722,robust,36631,12211,True,0,34,0.798706084678,0.640387727596,0.444645277903,0.606573435611,decision_function,12206,26.459806674,7070d471c11161cc719fc327ef03a96035ae937c94a53d4612f02670c5f0ab80,b48ddaff1549968ef67bca57dd8d30df3337bd87b6228b77adbc5c5fd6f09a17
factorial,sgd_logistic,1733,2722,standard,36631,12211,True,0,49,0.854803046434,0.777892886488,0.675096206707,0.905524215972,decision_function,12206,2.43501983036,2a42222c4171846dbbfd68d51c2a79f3705e93e2a95f7267ffaa54f074cd50d3,a954a019ac51ca1ce243d0184b7cef2727ae00f1fc7276a5c0204bd01a5fa0b9
factorial,sgd_logistic,1733,2723,none,36631,12211,True,0,246,0.797887150929,0.616157166016,0.387896825397,0.625027880673,decision_function,12206,13623011.5589,0cf3f35768db503ebf6da4a5cd1b97dd27cc80ac73a6ce55bcefe4e53fad3dde,34e3361a4767722664bf359d5cc3446e12942a2336e708aa6f50a49541253f6e
factorial,sgd_logistic,1733,2723,robust,36631,12211,True,0,50,0.816067480141,0.781754806436,0.650699844479,0.86606076723,decision_function,12206,26.2336671168,7bb0de39915192fcf1b5d2d85fd26c50e1239889a744a68291ff1e2d0cb69ec5,32d270d13afc7ebe740e88dd8c424ba213cbe6d141d1534f743e22d79c27c560
factorial,sgd_logistic,1733,2723,standard,36631,12211,True,0,39,0.853984112685,0.761168793187,0.65652090156,0.905299217926,decision_function,12206,2.51407719811,ab0cebf5862fbda4653e19cada325906a776537171b56b09d0691fb6d56ab0ff,aa02a0e4ffd07c2a02d1119fba10def6c7a63bc70fc3d45661694b9da0559f37
factorial,sgd_logistic,1733,2724,none,36631,12211,True,0,269,0.783228236836,0.55280395018,0.196661608498,0.579392404328,decision_function,12206,46332190.994,e603881e25b09cbba010486319593c84474dd3b738b552ef8754f9222a74384b,a28d4fdb2b775a214f66206ba49f666d2a7867eb286336f5aaf02376565ec8fd
factorial,sgd_logistic,1733,2724,robust,36631,12211,True,0,32,0.821390549505,0.762851452142,0.635467156945,0.865301292904,decision_function,12206,26.8967275931,eeffe5970616509055a5f26807c8c029afdb4ac77d30e1f9f92e40f189df9ede,b2d0b4c8fb3dca7f4b9f5c5896a8f8818caba6e7158e7b7db3f0450631e8f363
factorial,sgd_logistic,1733,2724,standard,36631,12211,True,0,43,0.855294406682,0.758511369899,0.654545454545,0.90534950814,decision_function,12206,2.5658410782,ee5742bc7a268e6994def9b433861cf686c0bdf8db65cde83469803300b31605,4145500c80a0aee356377606f44b518a898031c48646f87c4460f4f9174a0072
factorial,sgd_logistic,1733,2725,none,36631,12211,True,0,212,0.239292441242,0.5,0.386175906958,0.584508779566,decision_function,12206,73893565.4195,a47ad2effea5769ef5fc26a4518dcef76c34dca5829c88e2fd7f8e04182b06fe,1ad4eacf0dd6de6971dd3977c07851066e2a3ff2ba6c4049445eecf2a14bb81c
factorial,sgd_logistic,1733,2725,robust,36631,12211,True,0,61,0.817050200639,0.737831076316,0.605160834217,0.794264800926,decision_function,12206,26.3129120107,b3ae9a5fd502dce61893cb39089dacbe85e9e2e355aa8b8ae43bcf7904dc5c76,a177d68286e5290135ad12ca6d8cef4e0996324cc175d8df17916afb1267c2ba
factorial,sgd_logistic,1733,2725,standard,36631,12211,True,0,55,0.853984112685,0.758588444716,0.653584612396,0.905761740517,decision_function,12206,2.52567120964,aa6ecd96f408f490d66284ae4da3f4b19042892cb6e11a6d901f9243ca0ff6f1,f481b5720d8f3f8d9537959f135a923d6d81f060e60871b375c5379b7af110e2
factorial,sgd_logistic,1734,2718,none,36631,12211,True,0,243,0.79313733519,0.5984914115,0.342529932327,0.616881326665,decision_function,12206,17756406.5582,056e07882ac9ff63c668124f69731818049a2400fa5a55f9d7eeaaaa1f95c28c,89002c2498b5de4226cf1e09c7de3af9b00719c1ad38a33df65fe7e9c1af6dde
factorial,sgd_logistic,1734,2718,robust,36631,12211,True,0,65,0.811071984276,0.722759283629,0.583649160801,0.781049140796,decision_function,12206,24.9749405128,a444eba863f4bb8eb5e4413fb04927cee335bd9472bb266ab39de4ee6e3e1a77,8324470c4d39d951cdbc76c46ab7f20f64ec0bb4ac32525eaa7a285efc24fd48
factorial,sgd_logistic,1734,2718,standard,36631,12211,True,0,32,0.850626484317,0.756029667615,0.648012350444,0.904354775091,decision_function,12206,2.51624786492,c4c87db5f30f9c04cd9dfabc43e017037c0125366aa470203c38f8cedb1868ad,a21dbba03097ffd0240607cf4088989c69ea74300706be037a6d0e12708e99b0
factorial,sgd_logistic,1734,2719,none,36631,12211,True,0,231,0.783555810335,0.557828089851,0.21642454788,0.590993803877,decision_function,12206,39750283.3221,4ecff6246323483e1facee37b2f69c7570ad163dbb1c7df7cbfa0bfb5f8193fe,dcf1843096d2bcae8d4e79b30571fd5e23851d95f442b40630f36a717e90b2eb
factorial,sgd_logistic,1734,2719,robust,36631,12211,True,0,43,0.794857096061,0.651111461607,0.466907852735,0.609336984145,decision_function,12206,24.5662116037,5df7efd616d1228949e12788c6dd43791421cf99985aa195be2eac621a359da9,82801a5892099518ab22f3029c9267739b054010f88ca85f837d8730f47242bc
factorial,sgd_logistic,1734,2719,standard,36631,12211,True,0,40,0.851199737941,0.778222130803,0.672435550748,0.904562972889,decision_function,12206,2.38659511352,0f2cdb5f2e29a2dfebb08b04a4d042455762181a21db984843cd81985d24e3ec,d47aad619b8b9d84b3eb73ecda011f2efa47a5ed3052a4323059d708630b7c3f
factorial,sgd_logistic,1734,2720,none,36631,12211,True,0,296,0.782900663336,0.55599001019,0.210306821567,0.588614653102,decision_function,12206,33274058.3981,cd948f65f603ee59a7a901a602ef65081dc235152b000850e201dd25b10dea2f,b2008d627d063d78496a42c4c9a5c87ae55b1789f9dbbfe1ded26f1df4a9c2d6
factorial,sgd_logistic,1734,2720,robust,36631,12211,True,0,36,0.816313160265,0.720222501588,0.582697674419,0.781991575708,decision_function,12206,24.0147214677,deecbd620074bd0c822b7224360f153137f339c82322cdd0fa40109d45fd33a5,eee9cb54466a5cde5233e6909debe3a155fd82dbbdd695ee3869c2c071ea8759
factorial,sgd_logistic,1734,2720,standard,36631,12211,True,0,37,0.852018671689,0.768321719426,0.662810225788,0.904465524088,decision_function,12206,2.49132280658,04aca792315902017715105b18cc52dc765a6667e244f02126d68e6fa1484c6c,427e9c0260bbe7f57b2a6ade36a481f1182ec2da7c33d65c168efbbae5883b3d
factorial,sgd_logistic,1734,2721,none,36631,12211,True,0,183,0.239292441242,0.5,0.386175906958,0.61231740692,decision_function,12206,38441749.6126,a47ad2effea5769ef5fc26a4518dcef76c34dca5829c88e2fd7f8e04182b06fe,ff879a7d470520cb8c7fb3b8cbd657987aa8eefa03cce9b4bd82ac75851eece3
factorial,sgd_logistic,1734,2721,robust,36631,12211,True,0,33,0.817787241012,0.715796115444,0.577397910731,0.782139130509,decision_function,12206,24.176505599,8cf2eec83d2fb95b0010d609ca42921dcc490a0db82f4c10e201d3f3b616e4e0,6e3b343cf40c7ba31a1b466eba82fc708f04c463a6ebe2b1f4ff4ac6fea33f48
factorial,sgd_logistic,1734,2721,standard,36631,12211,True,0,47,0.850708377692,0.776608993924,0.670403182065,0.904472855775,decision_function,12206,2.38508623101,80aadbc8418376b945390d1d11da6024f4c3d6b732b73d5ed4764a58559ae4c0,8ef56d4f70cd014c89cf3f1183626442df6541e2240184fc6cef63e22bf98363
factorial,sgd_logistic,1734,2722,none,36631,12211,True,0,247,0.78109900909,0.550935291122,0.193178388168,0.581681530096,decision_function,12206,45309090.1009,c1df95828859d9f7db2926626d289b645ae91ecae96038fb5c8590f977ae56f7,1826687c49db36235562819f44c98c54720766f257e58d1ff270be5e976dcb62
factorial,sgd_logistic,1734,2722,robust,36631,12211,True,0,32,0.81434771927,0.728079159227,0.591899189919,0.782306469812,decision_function,12206,25.0168677306,4c921d992fe79d381edc9fe2c5d30b2e4f9a34d8e7bf0dcb20bf8cae7c2f29f1,7bafc4ee3e596ece3e689ec9422083f582f0d80e78d50aa8031e1a0b7b884267
factorial,sgd_logistic,1734,2722,standard,36631,12211,True,0,43,0.850954057817,0.781931172188,0.675925925926,0.904437781575,decision_function,12206,2.41209439883,e22be2816e68d1215e496fc9f7efdfb208030673cdd909d60f4e44f2d1e40ccc,73382e466adb68e273cdc3697e06e2ee3d10509e898c39cc62930cea228e0943
factorial,sgd_logistic,1734,2723,none,36631,12211,True,0,273,0.784947997707,0.56155807628,0.228554641598,0.593584357762,decision_function,12206,32099933.1438,028db73ee5ed968a7eb941ecf19c6b10307f6440024c3d0fb174a42ef7a4f0ef,e489f066501b5468ba4c0b4e989fadb26cc0a79d75265d01f6949337f1276d4d
factorial,sgd_logistic,1734,2723,robust,36631,12211,True,0,31,0.811317664401,0.725852979122,0.587687902649,0.781453452005,decision_function,12206,24.7005540553,3f9cb5da364f61522473ec63cdfa692265bb13323fb50087189f07918f1f6494,1dbf394f9cbbe2a1c631d72184278e6cfc535e868b3506f88fe99f666609b19b
factorial,sgd_logistic,1734,2723,standard,36631,12211,True,0,40,0.849807550569,0.789622369499,0.682369241427,0.904929225643,decision_function,12206,2.3479409326,7be5fb3c3fa9c99f805efb46ee0fccb5131f9fc8c92fd8df5ac99174f2710387,620bf81c17dfa17820a10f5d30a9e05bda45c49331c7010fb077b1a6c3e02ebe
factorial,sgd_logistic,1734,2724,none,36631,12211,True,0,274,0.791417574318,0.582817259955,0.295435684647,0.607753524018,decision_function,12206,21504390.7186,8b85e2f6fd475633573ad561527d2248e3fe5110ed3662a2f2f715889553db2e,f0c1aa560c81f30b2e01db95d83040543faad283bece4afa9bffbc1ca5998237
factorial,sgd_logistic,1734,2724,robust,36631,12211,True,0,49,0.816640733765,0.765007465426,0.634806719948,0.859492146953,decision_function,12206,24.5576069047,c513f2289362dda59b385144df32972ff9390f59c5f54a7b7bcf6db19793660b,98b6412d5a02b1cdbe1ceeec26a6753fe3641c9d1a275ec3c700dd8313b34983
factorial,sgd_logistic,1734,2724,standard,36631,12211,True,0,36,0.851117844566,0.76643944701,0.660059835453,0.90461212098,decision_function,12206,2.51430160099,cc5d87a7241cfbaf3885b033e36d22bac4989a19ac1831558e24408a6c747244,f0fdb92b5921d0f2204c8807a9c6040b88e0d9e63e460270d4a5967271419643
factorial,sgd_logistic,1734,2725,none,36631,12211,True,0,256,0.787486692327,0.56838741355,0.250216700376,0.598582799686,decision_function,12206,29995399.3069,fe7adb196f8cf22e4c074c8a68d133461e5a3e8848a7fe044eecd9e2019d0ed0,71f74a502d2ccf3689495c05a1f212f8983be9bdb498e3ecadce61f792153442
factorial,sgd_logistic,1734,2725,robust,36631,12211,True,0,53,0.813283105397,0.770307022304,0.638095238095,0.858290966131,decision_function,12206,25.2411541752,5c7ba2fb8713a11e73ac70a7a5914a0577f74679365f02cdf5b980e57423a4d8,d8dae51055a2608711185d7b75c8ffd118106c12a85201e808c56748161fb5d4
factorial,sgd_logistic,1734,2725,standard,36631,12211,True,0,42,0.85185488494,0.77572053349,0.670431772636,0.904871345845,decision_function,12206,2.50390513721,2d758e99f55e77186164c7690e993895b352236c2d529daf23a251bb799de7c6,a95b41d7ba9453659302dd50be4678e3739f5c296cabdcddec03043c23757cca
factorial,sgd_logistic,1735,2718,none,36631,12211,True,0,329,0.794529522562,0.588498635606,0.31052486947,0.61302543049,decision_function,12209,16696641.3795,9e2367e5852cb1905bf9210b8aca44ff276a657fb922ce67f6b51cf54355e624,0e0dd08cae8bec52538431b95affe76eccd74a6563fc8bfeccaa304842343bc7
factorial,sgd_logistic,1735,2718,robust,36631,12211,True,0,42,0.811153877651,0.733486370321,0.596994058022,0.79237167835,decision_function,12209,27.888845878,1dbcc5fd7f7a2f2d131f519db39aa5a5032fd61bef80f30bca8264fe9a5d251c,5d5aec4e762fb244627e0b6a7880a9d027941a70cf3bd28501a03fc7c36cc17f
factorial,sgd_logistic,1735,2718,standard,36631,12211,True,0,41,0.845385308329,0.776042446119,0.665603967411,0.901936810587,decision_function,12209,2.36214460117,50ad69608a9e866b97c6fbdbdb00a6cdc7dce4162f17dd366a879c557b0c4cb5,d3c38514f7cd71ea240d231d12d8805940c4524b757c5dd9f74fd5321d6e799a
factorial,sgd_logistic,1735,2719,none,36631,12211,True,0,211,0.779870608468,0.545436341838,0.172413793103,0.581353870014,decision_function,12209,59954331.9053,259351d704753a63040f61108d9d3caf2d43443ced9404973c3e10116f2940ab,cf9151907a339e31b987ebf9a3d7c0984ae183f262801881550e659fb17ff33b
factorial,sgd_logistic,1735,2719,robust,36631,12211,True,0,63,0.794447629187,0.638409737983,0.441228851291,0.614359171155,decision_function,12209,28.7411470186,d436443e60706dd61a4dbbda8b0d7e6d70718e2f0a3f646dd3ef10e494d16742,c540b536a1ab2f601d1ac0de9fef1e7c230faa17aea8611f668a5c4869ed896c
factorial,sgd_logistic,1735,2719,standard,36631,12211,True,0,34,0.846531815576,0.770345154444,0.660630206447,0.902204140834,decision_function,12209,2.41047164586,3749245657d208babf08f6358b65e6c3b7137d29437372b77ccc81efdeaacb55,1bb7fe187e364a0f48dc588253c4f6931fc7cac68e60e17c666da47c545db529
factorial,sgd_logistic,1735,2720,none,36631,12211,True,0,140,0.788715092949,0.56919482016,0.251305861869,0.601323211037,decision_function,12209,56088514.7734,ced945d3ef90ae0b16ffac53b953a33a95e780e505c77e2fcbe8030ffc0f87d8,e9f0919fc1172fdecfacab51d1b2d077468d98b5f8413e4b6f4a7b18202117f5
factorial,sgd_logistic,1735,2720,robust,36631,12211,True,0,70,0.813364998772,0.756051644254,0.623616845582,0.858460902841,decision_function,12209,29.4222145531,008c51a7dccf41b12a8f71586cf45ccd356bc9cae54796890c0f1c633e5fccce,831b6f7dfa30cbfef815e196979fac7a99bb3440bc1712d4d8f63052997561ea
factorial,sgd_logistic,1735,2720,standard,36631,12211,True,0,61,0.847350749324,0.749185040647,0.637495138079,0.902266994389,decision_function,12209,2.58714639003,b53de9cdb6f4cc42b796cb235b208bc8c0d70ba2c86884edaf9ccfce5061d322,f5f88f9669c4575481776bac486acb11dbf7f3bfdc78f6be0d146f41d3c6f2a4
factorial,sgd_logistic,1735,2721,none,36631,12211,True,0,277,0.239292441242,0.5,0.386175906958,0.5994233831,decision_function,12209,27645587.6392,a47ad2effea5769ef5fc26a4518dcef76c34dca5829c88e2fd7f8e04182b06fe,dfd7c2ba265d04b1ca3b094fdd85121555cdc3e545c1d83c89956c4eabb92b81
factorial,sgd_logistic,1735,2721,robust,36631,12211,True,0,44,0.811235771026,0.740108357172,0.604834561975,0.858172130173,decision_function,12209,29.9719426926,81e2ed4d4150330bfb074690821aea1e93c6e99c0f3efd10ea4616b06c06ac06,012ea5f1346811bef9532540c4cd51d1a223d88b0541fa7ed57c8ee37e5f5139
factorial,sgd_logistic,1735,2721,standard,36631,12211,True,0,48,0.846613708951,0.748466019548,0.636098698271,0.902237262373,decision_function,12209,2.4990843556,bf66a73382f16023ceb4013d16459f8476b385cbe11479ac854fd4f826eb4b00,af2ceff2b6ad9b66ec41705bc318c72cedac6c68ba9784f180598fcc003c5012
factorial,sgd_logistic,1735,2722,none,36631,12211,True,0,282,0.788796986324,0.570069667235,0.254408788667,0.602242545609,decision_function,12209,27505877.9955,d286b3c6327f32f6049b4026f587d92c32bed85360984719c448c3fd696fe740,8309334abb65233374c826b2d1608948eb93a2ac5f362fd817001067415be53b
factorial,sgd_logistic,1735,2722,robust,36631,12211,True,0,44,0.810908197527,0.751387328296,0.617271672468,0.857652390951,decision_function,12209,28.3614497258,43f2ec992091fc9184799110216afd32dc601d5f4aa62ebc6b24337c0f68a52e,58e1e69eec94f1ce61a96048f7d0d5e730a604b11c7c9aed679b32316dfd49ff
factorial,sgd_logistic,1735,2722,standard,36631,12211,True,0,49,0.847842109573,0.756428028736,0.646364674534,0.90237612231,decision_function,12209,2.38736817537,886d1180700863f08b872d92056419d6267468909e55ec674891fe7f363faab0,5b16b74e039dfa1268f55312c0beaf1a64edb7ee7446f82c5f43e2f66f7ef725
factorial,sgd_logistic,1735,2723,none,36631,12211,True,0,277,0.788469412825,0.568681473137,0.249782166715,0.601975252204,decision_function,12209,27745318.4614,3bf3c4f5474ced1c82cfba53beb161ec7699f9ddcb149c6ccbca3cd64b22e8c1,83107c7e4a018ef403e0762733a672fb9b92aafb1e745b0144623d1adc7621fc
factorial,sgd_logistic,1735,2723,robust,36631,12211,True,0,57,0.815576119892,0.719855346189,0.581878945414,0.793562137961,decision_function,12209,28.7180549446,6e9b420f19103e776d1d545b3fefab1546367322d3383082d88a170f91a7aea7,2d8d67daee83c3bd350cd6ff24fa61e5a67ffc5b5fee4bf46485756cc791cba3
factorial,sgd_logistic,1735,2723,standard,36631,12211,True,0,33,0.848661043322,0.76329988242,0.654708520179,0.902217367344,decision_function,12209,2.4242148628,b8a68a1b37443c3f2dfe40b06078e317599ce0872282b5431a24baf0872004de,c9db4978aa6c004ac30e333369f8d08b1860132a3ee940002427db4633168a51
factorial,sgd_logistic,1735,2724,none,36631,12211,True,0,194,0.788796986324,0.569248647267,0.251378809869,0.601370038042,decision_function,12209,40711944.2619,a9c1e12d55e3bdc5d6ac92a4b28ad3a94fc4be125968a81ee6a8099608c5c415,a2832de865e93df68ac11761de097df7507464294cd62863876241bb118befe9
factorial,sgd_logistic,1735,2724,robust,36631,12211,True,0,36,0.816231266891,0.717471037443,0.578986866792,0.793223848776,decision_function,12209,28.8458601832,84c03a87140f5f296e960a7dc1ac5109cf2ab089fb6d58327b0b688744f37ecb,dab6f66d98293ecb38e0ce5662172f07d59835616841e657d0a49ffd6e0792d6
factorial,sgd_logistic,1735,2724,standard,36631,12211,True,0,55,0.847432642699,0.763782650046,0.654295787716,0.902314116135,decision_function,12209,2.45167580531,1f1a19e708b5e06ed1a1fedfd3a6209906f25cad4eaa39114f5f9e91aeda0938,e13d3cc2b8f20ddd45c0599feaf1d91de09891c13a204099f6d67f335b4b585b
factorial,sgd_logistic,1735,2725,none,36631,12211,True,0,329,0.789206453198,0.613618283945,0.385973282443,0.629072171724,decision_function,12209,7796972.69252,a1d514ced6aeac44630d369b5b7c6931b575f8c6178804489c0c625fc0d96e9a,f9cc5e05a1d34d6adde99c776693156d25aaf8c3ee1566494f626cae0735c88f
factorial,sgd_logistic,1735,2725,robust,36631,12211,True,0,36,0.810171157153,0.737883853408,0.601718213058,0.857603611287,decision_function,12209,28.1548754552,be0febaa17c57c70d24c9c28c540a0d7b8db454abed7c788ab91966b5193bd9a,dfb2ea67723a2af5c6e785bd5ad6932c290bc38f6be994d0fc753c1806ed65d2
factorial,sgd_logistic,1735,2725,standard,36631,12211,True,0,30,0.845139628204,0.762744645308,0.651428571429,0.900790267411,decision_function,12209,2.46421888113,5e0861b872814e5ba4e7d1ad22946e28b5786d184c212db9e063ee08651b4d8d,0c781d5bc35adac750bcfaabe6e865d51d0b067228a823b178aa39d027f97d26
factorial,sgd_logistic,1736,2718,none,36631,12211,True,0,206,0.778478421096,0.54276195251,0.163833075734,0.585837878058,decision_function,12205,64648168.1657,b92c32202f7b4614fb56162974d805925c45f8730f13a3ada350e10106d843ba,dbf1d020af837724ee373d55b0f7ce6e544ec2449a4a79e3a73e65ad2651cb73
factorial,sgd_logistic,1736,2718,robust,36631,12211,True,0,43,0.819588895258,0.760377081545,0.63179007187,0.865603918407,decision_function,12205,25.9228590547,2d605a402aaa4b4f0d9a1d9a6ea23fbfa84de9ef171c61249ac736869501344c,1fb06e1bfb54f1e05710f7f47394e3406373615d0bc590414c1af4d4be4a2021
factorial,sgd_logistic,1736,2718,standard,36631,12211,True,0,35,0.85185488494,0.754139437187,0.646748681898,0.907960657064,decision_function,12205,2.45845295303,182a236cd00b0de6a69d2e6b22caa7dc1776adbe4aad4921b4036f6919357634,faa537b3241e34a29c1e1befc60e463493091205deac0b5c5d2728d820d3b545
factorial,sgd_logistic,1736,2719,none,36631,12211,True,0,174,0.780116288592,0.546887997395,0.178145087236,0.589201906474,decision_function,12205,70275734.4105,ca4da7c58eb9d256521f9a0b7d671b71759ca43bc91a78558dbf48803d198e4d,f0dfc12cedc55dd95f9f591ce80e9700012ad14fb4edfe8d3a284c9976d5caaf
factorial,sgd_logistic,1736,2719,robust,36631,12211,True,0,71,0.819588895258,0.722610163015,0.587375913092,0.795492029499,decision_function,12205,25.1000423654,e6e871a404d6a1fb15758c2a77c1518f07232b7882f64551ffa6bbf6df7dfd9b,ad021480971b215b805e1f7d742ee2d00e80df0d78f6aed15a00e2e0b0a8bf9b
factorial,sgd_logistic,1736,2719,standard,36631,12211,True,0,39,0.850872164442,0.765339657153,0.658669165886,0.908082274641,decision_function,12205,2.36538785564,dfe53cc9506f051fe61a4dbf17b8685e4f8039c28b6d73268a58fb22af9fddfa,3198c14d816694748dea82dbf59ae582a05b1c3ac5f1b2c16996a0c4445349a0
factorial,sgd_logistic,1736,2720,none,36631,12211,True,0,165,0.793628695439,0.597758777042,0.339968569932,0.622379336462,decision_function,12205,27471900.5771,237662c17c7d5a121d4cc2c1c2abe0030728959b666fe0b6cbfc9da211b6f803,c14053c91eff7a73b11f0ad2900bbd74910ef312322820420329e81e9c9b610e
factorial,sgd_logistic,1736,2720,robust,36631,12211,True,0,29,0.815166653018,0.707622776832,0.564873722768,0.79455589468,decision_function,12205,26.0552269474,ae20c9af1a56dbb86a767b732920957f37c4c1c5ffd634ba27c39387fe6c832e,dcdff74d5276372332bd5a9c7a52574128368f0557ad844e0ee8f6c54b75491e
factorial,sgd_logistic,1736,2720,standard,36631,12211,True,0,41,0.850872164442,0.763697617217,0.656868287168,0.907552182636,decision_function,12205,2.42887779853,1a3a41a59a5bf4476953b7a3571a5ef4e61589df34efa60fa8c1047a28f10379,1658a0048af82c789d8984ac155c3123e1375ded56c11fb04c1d4b44edd3d08d
factorial,sgd_logistic,1736,2721,none,36631,12211,True,0,316,0.239292441242,0.5,0.386175906958,0.625088560513,decision_function,12205,6068600.06901,a47ad2effea5769ef5fc26a4518dcef76c34dca5829c88e2fd7f8e04182b06fe,51fdadd858c7644f548d7feb7d8d174323c563f16a12331efeda79088537cf4d
factorial,sgd_logistic,1736,2721,robust,36631,12211,True,0,57,0.819670788633,0.724540607192,0.589944134078,0.795615820793,decision_function,12205,25.7345608824,e5051743d44b3d24c2846d4dc598ceba70c353e87726265af8efd3993f5f4a7d,5a9d6f809b4db35476bce0c8abdca429ed432b9f9dc6e5ca9672d13940b5615b
factorial,sgd_logistic,1736,2721,standard,36631,12211,True,0,54,0.853083285562,0.760107540739,0.654601463227,0.908161375805,decision_function,12205,2.48599381281,75b654e321a628eeeedd699fff01adf1ebe02fdb72c317fdc2a22c619496dbd1,fdd59506d1007f72f8b7c2e606a244bc0525afe3bf36d8fcae7ae189163638ad
factorial,sgd_logistic,1736,2722,none,36631,12211,True,0,326,0.793956268938,0.59316525423,0.325830653805,0.61991504233,decision_function,12205,15594880.8106,fc7dfa53633fd8fbc66531f94b53edae53f2e4a7bcb7489622e985167c597beb,4542fefa43e6eee6393d2d4f7e887516e33c2476e51c56cacc1a35a5a9978003
factorial,sgd_logistic,1736,2722,robust,36631,12211,True,0,47,0.817295880763,0.733183726396,0.599677014175,0.795559672599,decision_function,12205,24.851551775,6c85b4df0c757a9d028244ff5c3d5901d98c103f69c87cd0a655bc77164bd52e,7d9a4e0c71a6caea2115f5606a86ee1180693c0a5e00d2387458f3991f0e2708
factorial,sgd_logistic,1736,2722,standard,36631,12211,True,0,46,0.850298910818,0.782086998164,0.675541356053,0.907435501973,decision_function,12205,2.2664369304,3b6c61dd36045b3537242521d226694c077f8bd8a25590cb720ab52c082c5838,b3225c0d229321ea223eed92210781dfbcf9e5a7f6ce22ce96ed4b31047e445c
factorial,sgd_logistic,1736,2723,none,36631,12211,True,0,268,0.786176398329,0.618546706418,0.399355877617,0.632555938744,decision_function,12205,7127781.47741,e4ddbae8fde5e7e437d5629933fea0be699ca2ad26ffaf865fd49087794112ed,1b9d9aa44247d5969413c00e4d74d90cca99887cdb6254d74b1c2e1ee633ee3f
factorial,sgd_logistic,1736,2723,robust,36631,12211,True,0,51,0.796494963557,0.654299197958,0.47295864263,0.690172643907,decision_function,12205,24.9419494464,744e0217955ed17fe5e52b34eb9329573cb74bc74aa5d9fb4686e386238fefb2,dba6723925749cf5b8b7b93799ed82ae45ac2086598121d6f5936c44d67d941e
factorial,sgd_logistic,1736,2723,standard,36631,12211,True,0,46,0.853165178937,0.769075298928,0.664546304958,0.907954099072,decision_function,12205,2.40587184204,bd6928890c243cbe19c84e86a04258e14a842da19c74b1112e9f31d8bb2547a4,d99822ff6291523ae9017fab66acae50125d6ce08cec2ea6f0a122a098d0ac9d
factorial,sgd_logistic,1736,2724,none,36631,12211,True,0,197,0.794201949062,0.617019026059,0.39196709412,0.629098624745,decision_function,12205,14759425.0855,e8be6d3728728e1603aa7bf926c86d308a817b33546bfd17912962f31bb2ede4,2008c174eb52d9a0ed7ace38bac5481cd6602ffda10325fbdacda85d1e4e0c6e
factorial,sgd_logistic,1736,2724,robust,36631,12211,True,0,36,0.816313160265,0.723154715759,0.586543778802,0.794596053165,decision_function,12205,25.074592708,b9c6f921e1530d06fa0cc62c03e53a04c24209f007d767a99600aa8974c54575,50d275d4296efa1208c3b1d3587e63f0352b465bcb7f41577f74ba8798e19745
factorial,sgd_logistic,1736,2724,standard,36631,12211,True,0,45,0.851035951192,0.757940843088,0.650528338136,0.907811112759,decision_function,12205,2.38275405627,94a911cead26548e10666ebeceb70963a6e3556512911a266b7b0f9fb89a6773,4ef978d9181e5bc9b639c947fdaef38236954e5af06fe5fccd55efec3aab5475
factorial,sgd_logistic,1736,2725,none,36631,12211,True,0,331,0.239292441242,0.5,0.386175906958,0.602469754213,decision_function,12205,19818451.1798,a47ad2effea5769ef5fc26a4518dcef76c34dca5829c88e2fd7f8e04182b06fe,b81da18de61d0a3fbc1ae6115c3fda489b67a40d5d480bfba96899a724885ab8
factorial,sgd_logistic,1736,2725,robust,36631,12211,True,0,31,0.819097535009,0.748677127915,0.618809318378,0.865397931167,decision_function,12205,25.0381091047,bacc4035878653c1f04e32deceae6923f36d805ebc0a8cdc4003700af0fa0c85,c0ad55b5f85e013c1dfa3e4c627f812a036def57aa0d3a74c624adec951f9ea3
factorial,sgd_logistic,1736,2725,standard,36631,12211,True,0,34,0.851445418066,0.766654755439,0.660553892216,0.907821612914,decision_function,12205,2.45550351709,e4f1707e7d65c798bbf27b18e3edfab1a0149199ba8f91c5f4e841f06f6bc7ff,5f2ea68d8d44893a243619b3050f101be93e43a991fe93238089743bd235658f
